device_trust,failed_attempts,request_frequency,network_anomaly,time_anomaly,previous_behavior,label,decision
44.32,6,33.63,43.93,43.23,71.14,SUSPICIOUS,LIMITED
62.7,5,24.92,53.05,37.06,49.52,SUSPICIOUS,LIMITED
61.66,6,21.81,38.54,50.64,50.35,SUSPICIOUS,LIMITED
96.59,0,3.88,2.49,7.07,88.34,NORMAL,ALLOW
19.54,11,51.07,95.51,94.52,7.88,HIGH_RISK,DENY
70.66,5,20.46,39.73,47.45,57.35,SUSPICIOUS,LIMITED
69.54,3,22.28,46.24,37.17,50.33,SUSPICIOUS,LIMITED
20.73,8,130.55,80.27,87.68,19.62,HIGH_RISK,DENY
92.6,0,5.42,0.42,4.74,100.0,NORMAL,ALLOW
0.21,6,108.38,66.44,78.24,24.95,HIGH_RISK,DENY
8.53,6,75.31,70.9,89.77,5.36,HIGH_RISK,DENY
88.62,2,4.93,0.54,3.34,92.51,NORMAL,ALLOW
90.77,0,6.24,2.06,1.47,91.71,NORMAL,ALLOW
61.65,5,42.61,60.48,50.92,63.72,SUSPICIOUS,LIMITED
18.53,10,114.73,93.31,72.98,17.12,HIGH_RISK,DENY
93.84,0,6.03,1.72,0.71,84.65,NORMAL,ALLOW
42.74,3,35.34,23.5,59.01,72.0,SUSPICIOUS,LIMITED
84.42,0,1.0,4.55,0.6,89.19,NORMAL,ALLOW
0.0,9,82.0,82.41,62.66,8.35,HIGH_RISK,DENY
14.47,6,73.36,81.73,83.36,21.12,HIGH_RISK,DENY
84.61,0,6.56,2.64,8.18,98.85,NORMAL,ALLOW
88.89,0,4.3,0.35,0.52,91.21,NORMAL,ALLOW
93.25,0,6.37,1.63,2.36,88.97,NORMAL,ALLOW
16.99,13,113.17,89.07,75.22,16.08,HIGH_RISK,DENY
58.63,3,23.43,34.5,34.55,61.46,SUSPICIOUS,LIMITED
15.09,6,75.77,87.27,76.63,25.24,HIGH_RISK,DENY
16.29,10,104.76,89.55,77.26,16.23,HIGH_RISK,DENY
52.29,5,24.48,43.8,34.45,59.42,SUSPICIOUS,LIMITED
96.5,0,1.82,6.94,3.11,94.4,NORMAL,ALLOW
51.39,3,39.08,41.23,40.41,70.08,SUSPICIOUS,LIMITED
49.04,2,34.03,59.54,55.96,55.3,SUSPICIOUS,LIMITED
63.75,6,34.56,59.05,28.01,52.63,SUSPICIOUS,LIMITED
92.93,0,6.22,0.94,0.59,90.71,NORMAL,ALLOW
12.35,11,77.43,85.91,74.97,35.47,HIGH_RISK,DENY
89.53,0,7.65,2.63,0.55,100.0,NORMAL,ALLOW
85.32,0,6.43,0.16,9.57,100.0,NORMAL,ALLOW
10.5,9,107.52,83.96,74.58,14.66,HIGH_RISK,DENY
87.91,0,4.28,2.06,7.49,92.63,NORMAL,ALLOW
96.06,0,3.79,2.46,2.38,96.11,NORMAL,ALLOW
43.45,3,19.64,30.52,31.4,38.0,SUSPICIOUS,LIMITED
92.87,0,2.86,0.65,0.38,89.02,NORMAL,ALLOW
86.02,0,5.94,4.33,0.94,94.5,NORMAL,ALLOW
100.0,0,5.01,0.51,7.55,95.98,NORMAL,ALLOW
93.74,0,4.44,1.96,0.17,92.39,NORMAL,ALLOW
70.43,3,25.47,40.48,33.39,52.39,SUSPICIOUS,LIMITED
54.66,2,20.92,46.99,33.79,55.2,SUSPICIOUS,LIMITED
23.2,14,90.38,91.95,79.98,15.73,HIGH_RISK,DENY
83.38,0,9.18,6.51,8.1,94.57,NORMAL,ALLOW
31.35,13,85.48,71.96,62.08,20.03,HIGH_RISK,DENY
67.23,6,25.86,53.24,40.65,52.95,SUSPICIOUS,LIMITED
56.35,2,20.77,55.4,44.58,72.0,SUSPICIOUS,LIMITED
21.72,13,106.49,92.27,79.79,11.26,HIGH_RISK,DENY
97.27,1,5.95,3.45,2.91,96.16,NORMAL,ALLOW
12.65,15,71.54,90.57,58.19,17.56,HIGH_RISK,DENY
88.6,1,7.39,0.27,2.36,91.73,NORMAL,ALLOW
12.74,13,119.87,97.95,78.7,7.38,HIGH_RISK,DENY
51.75,3,37.98,39.39,57.48,51.06,SUSPICIOUS,LIMITED
95.16,0,5.72,7.06,6.55,95.73,NORMAL,ALLOW
20.05,7,79.99,79.54,95.34,26.15,HIGH_RISK,DENY
38.0,5,25.43,47.89,57.34,70.93,SUSPICIOUS,LIMITED
90.18,0,2.61,0.71,5.96,91.42,NORMAL,ALLOW
93.4,0,5.46,5.22,2.93,92.96,NORMAL,ALLOW
86.39,0,4.03,0.63,4.98,89.43,NORMAL,ALLOW
100.0,0,3.55,6.83,7.2,90.87,NORMAL,ALLOW
90.07,0,5.24,5.75,0.42,87.78,NORMAL,ALLOW
49.74,2,40.9,49.62,44.63,47.97,SUSPICIOUS,LIMITED
49.14,3,25.4,39.12,43.05,63.34,SUSPICIOUS,LIMITED
48.42,6,16.01,39.08,18.0,46.25,SUSPICIOUS,LIMITED
50.43,3,14.94,44.86,42.43,70.74,SUSPICIOUS,LIMITED
94.72,0,4.6,0.16,0.97,86.4,NORMAL,ALLOW
58.61,3,32.68,53.38,65.78,57.64,SUSPICIOUS,LIMITED
18.97,10,73.15,85.1,64.99,29.31,HIGH_RISK,DENY
15.13,13,84.72,82.62,86.39,13.42,HIGH_RISK,DENY
44.93,3,27.75,40.18,29.32,66.86,SUSPICIOUS,LIMITED
90.29,0,3.96,1.38,4.18,85.03,NORMAL,ALLOW
90.45,0,8.78,3.25,1.63,90.9,NORMAL,ALLOW
19.04,9,76.3,78.44,87.42,14.33,HIGH_RISK,DENY
16.98,6,103.64,76.52,66.29,11.13,HIGH_RISK,DENY
4.76,6,77.25,73.03,67.42,24.19,HIGH_RISK,DENY
17.04,12,96.2,65.64,73.9,17.11,HIGH_RISK,DENY
51.88,4,28.71,54.83,52.87,45.95,SUSPICIOUS,LIMITED
50.8,2,28.97,42.77,44.92,57.08,SUSPICIOUS,LIMITED
86.59,0,5.82,1.32,0.9,93.55,NORMAL,ALLOW
42.55,3,14.0,55.9,63.74,66.71,SUSPICIOUS,LIMITED
28.31,8,66.29,72.49,100.0,9.78,HIGH_RISK,DENY
93.3,1,2.29,5.56,0.95,89.56,NORMAL,ALLOW
14.23,16,92.44,86.06,71.95,13.15,HIGH_RISK,DENY
61.79,3,20.51,53.11,35.0,59.99,SUSPICIOUS,LIMITED
22.71,13,128.88,92.35,95.74,11.66,HIGH_RISK,DENY
13.54,7,92.17,82.32,72.7,22.83,HIGH_RISK,DENY
94.98,0,6.4,3.2,8.34,98.36,NORMAL,ALLOW
45.94,4,36.91,50.32,51.73,68.84,SUSPICIOUS,LIMITED
1.15,10,92.47,85.98,71.24,27.5,HIGH_RISK,DENY
40.06,3,27.18,40.97,28.74,42.83,SUSPICIOUS,LIMITED
62.72,2,32.72,42.29,30.46,60.5,SUSPICIOUS,LIMITED
99.76,0,6.58,14.71,1.54,91.43,NORMAL,ALLOW
16.17,13,81.28,90.58,92.55,22.71,HIGH_RISK,DENY
9.48,14,95.89,81.92,67.66,19.26,HIGH_RISK,DENY
93.38,0,4.88,0.04,1.63,98.97,NORMAL,ALLOW
55.84,5,26.86,45.36,36.81,64.67,SUSPICIOUS,LIMITED
20.41,18,88.1,72.77,97.52,32.95,HIGH_RISK,DENY
88.4,0,5.51,7.29,1.08,86.57,NORMAL,ALLOW
95.56,0,10.2,3.8,1.93,97.23,NORMAL,ALLOW
57.14,4,29.76,25.43,52.57,58.33,SUSPICIOUS,LIMITED
50.97,6,14.0,57.59,52.76,54.11,SUSPICIOUS,LIMITED
99.74,0,5.03,0.74,1.51,92.9,NORMAL,ALLOW
53.09,6,23.89,53.95,38.53,51.81,SUSPICIOUS,LIMITED
87.51,0,2.81,4.51,0.48,89.58,NORMAL,ALLOW
90.36,0,3.23,3.95,2.14,93.94,NORMAL,ALLOW
55.55,2,32.38,33.09,32.35,51.73,SUSPICIOUS,LIMITED
7.35,10,95.73,85.93,87.16,22.34,HIGH_RISK,DENY
89.04,0,5.19,2.52,0.64,87.74,NORMAL,ALLOW
21.77,9,92.78,88.38,75.69,15.82,HIGH_RISK,DENY
18.99,10,58.97,64.86,70.54,5.63,HIGH_RISK,DENY
94.69,0,3.51,1.26,2.28,98.8,NORMAL,ALLOW
2.77,11,103.33,81.42,78.95,22.55,HIGH_RISK,DENY
94.48,0,4.32,1.19,1.67,80.14,NORMAL,ALLOW
98.53,1,5.83,2.16,11.93,91.59,NORMAL,ALLOW
65.58,3,26.9,60.78,34.34,67.1,SUSPICIOUS,LIMITED
49.77,4,21.36,45.08,50.72,70.85,SUSPICIOUS,LIMITED
13.1,6,72.31,82.47,87.02,17.54,HIGH_RISK,DENY
56.65,5,23.26,49.07,24.25,63.11,SUSPICIOUS,LIMITED
100.0,0,2.23,0.33,0.61,96.22,NORMAL,ALLOW
54.51,3,42.12,51.62,18.0,53.69,SUSPICIOUS,LIMITED
48.65,2,19.89,43.43,43.43,58.9,SUSPICIOUS,LIMITED
25.43,11,87.56,87.28,85.45,15.11,HIGH_RISK,DENY
38.0,2,31.35,63.98,63.43,70.62,SUSPICIOUS,LIMITED
97.94,1,1.99,2.69,1.46,86.33,NORMAL,ALLOW
88.48,0,1.0,11.22,0.03,94.68,NORMAL,ALLOW
93.89,0,1.92,0.58,1.14,94.77,NORMAL,ALLOW
17.98,13,88.61,70.87,62.08,33.98,HIGH_RISK,DENY
53.64,5,39.31,35.34,19.03,61.31,SUSPICIOUS,LIMITED
62.66,2,30.0,49.64,56.4,51.25,SUSPICIOUS,LIMITED
56.7,2,25.91,57.98,26.14,60.7,SUSPICIOUS,LIMITED
91.67,0,1.0,2.02,2.12,97.41,NORMAL,ALLOW
100.0,0,6.64,1.29,2.23,95.3,NORMAL,ALLOW
87.58,0,3.62,2.37,3.86,96.04,NORMAL,ALLOW
54.35,6,19.96,45.19,41.02,60.92,SUSPICIOUS,LIMITED
49.18,6,34.67,44.39,37.7,57.66,SUSPICIOUS,LIMITED
18.76,8,113.3,80.08,84.29,19.82,HIGH_RISK,DENY
29.53,6,93.15,81.67,80.17,20.66,HIGH_RISK,DENY
60.08,3,20.65,41.28,34.95,58.25,SUSPICIOUS,LIMITED
13.5,13,81.66,83.98,86.62,14.74,HIGH_RISK,DENY
11.15,9,81.71,89.04,56.82,28.06,HIGH_RISK,DENY
18.81,6,78.76,90.12,75.84,10.33,HIGH_RISK,DENY
91.69,0,5.03,0.4,3.91,92.42,NORMAL,ALLOW
19.21,15,83.5,90.0,84.82,2.63,HIGH_RISK,DENY
15.74,10,87.41,72.58,67.44,29.59,HIGH_RISK,DENY
15.68,9,117.9,83.68,79.64,25.84,HIGH_RISK,DENY
99.21,0,3.95,2.26,0.24,85.04,NORMAL,ALLOW
54.1,3,22.61,55.85,49.13,39.83,SUSPICIOUS,LIMITED
13.44,9,130.4,99.03,85.04,8.59,HIGH_RISK,DENY
84.08,1,5.56,3.2,0.34,89.3,NORMAL,ALLOW
20.15,11,105.31,100.0,80.1,26.83,HIGH_RISK,DENY
91.9,0,5.36,5.58,1.14,86.06,NORMAL,ALLOW
72.0,3,28.88,43.05,54.95,72.0,SUSPICIOUS,LIMITED
90.88,0,6.31,1.68,1.27,86.65,NORMAL,ALLOW
10.69,15,48.0,75.98,73.88,24.0,HIGH_RISK,DENY
58.3,2,25.21,46.86,49.81,59.43,SUSPICIOUS,LIMITED
16.09,11,112.29,99.32,80.54,21.1,HIGH_RISK,DENY
63.77,6,24.88,34.21,26.26,48.97,SUSPICIOUS,LIMITED
54.42,2,32.53,45.63,28.31,57.35,SUSPICIOUS,LIMITED
89.63,0,6.05,0.04,2.43,87.56,NORMAL,ALLOW
89.94,0,5.93,1.67,0.16,81.04,NORMAL,ALLOW
47.47,4,26.77,36.4,25.24,55.39,SUSPICIOUS,LIMITED
56.71,2,40.87,41.79,33.31,60.41,SUSPICIOUS,LIMITED
97.02,0,7.02,1.31,1.39,95.4,NORMAL,ALLOW
0.18,10,98.1,71.17,98.04,9.95,HIGH_RISK,DENY
19.81,6,56.23,94.55,91.01,20.3,HIGH_RISK,DENY
91.67,0,3.77,4.48,7.6,93.34,NORMAL,ALLOW
0.0,10,71.37,81.66,68.18,12.77,HIGH_RISK,DENY
20.62,10,82.43,82.19,100.0,32.55,HIGH_RISK,DENY
47.46,6,31.63,43.12,34.24,61.85,SUSPICIOUS,LIMITED
92.61,0,3.76,0.66,2.79,95.64,NORMAL,ALLOW
25.05,10,48.0,76.75,85.16,15.8,HIGH_RISK,DENY
38.0,4,28.42,68.0,36.88,62.35,SUSPICIOUS,LIMITED
13.56,6,70.25,83.36,84.35,28.13,HIGH_RISK,DENY
57.51,5,40.61,65.84,43.55,61.81,SUSPICIOUS,LIMITED
92.24,0,6.71,4.51,4.05,98.63,NORMAL,ALLOW
47.91,5,19.47,61.44,20.08,57.45,SUSPICIOUS,LIMITED
93.07,0,7.03,0.7,2.73,88.73,NORMAL,ALLOW
30.25,12,108.28,81.88,84.99,16.92,HIGH_RISK,DENY
40.87,3,30.58,56.91,44.22,46.5,SUSPICIOUS,LIMITED
28.26,10,67.5,82.52,94.43,28.88,HIGH_RISK,DENY
94.93,0,8.81,2.85,2.15,87.21,NORMAL,ALLOW
90.68,0,6.22,18.0,2.16,91.6,NORMAL,ALLOW
93.07,0,3.3,0.71,4.07,99.26,NORMAL,ALLOW
23.76,10,99.3,78.18,98.42,12.5,HIGH_RISK,DENY
55.09,2,31.96,32.77,35.22,65.56,SUSPICIOUS,LIMITED
62.78,6,14.0,33.43,38.97,50.76,SUSPICIOUS,LIMITED
85.6,0,6.34,1.65,1.21,89.05,NORMAL,ALLOW
49.79,5,31.14,34.66,48.8,55.81,SUSPICIOUS,LIMITED
52.85,4,28.67,45.52,19.32,40.23,SUSPICIOUS,LIMITED
100.0,0,6.5,4.1,0.66,97.91,NORMAL,ALLOW
54.73,2,31.58,34.6,49.06,60.59,SUSPICIOUS,LIMITED
9.19,7,57.15,86.99,80.95,25.23,HIGH_RISK,DENY
92.49,2,2.23,7.44,7.81,100.0,NORMAL,ALLOW
9.89,13,102.22,87.19,65.2,24.74,HIGH_RISK,DENY
94.46,0,6.02,0.3,2.11,92.07,NORMAL,ALLOW
98.33,0,3.85,3.61,0.19,93.93,NORMAL,ALLOW
54.91,5,22.99,45.41,55.88,45.08,SUSPICIOUS,LIMITED
47.43,5,29.01,31.91,30.82,63.22,SUSPICIOUS,LIMITED
97.68,0,3.06,2.12,0.12,96.59,NORMAL,ALLOW
21.9,7,72.99,85.1,93.2,27.52,HIGH_RISK,DENY
42.7,4,17.12,46.07,48.41,51.04,SUSPICIOUS,LIMITED
48.97,4,20.76,36.01,41.64,69.42,SUSPICIOUS,LIMITED
18.88,6,96.49,82.9,92.62,23.95,HIGH_RISK,DENY
2.41,16,48.0,75.12,100.0,14.97,HIGH_RISK,DENY
86.96,0,1.99,0.77,1.21,88.36,NORMAL,ALLOW
16.48,8,61.38,81.91,68.99,19.05,HIGH_RISK,DENY
23.59,11,102.86,76.06,80.25,6.8,HIGH_RISK,DENY
51.52,4,35.24,53.68,41.61,65.14,SUSPICIOUS,LIMITED
55.85,3,15.76,48.14,45.91,68.57,SUSPICIOUS,LIMITED
20.47,6,79.25,83.54,85.55,20.73,HIGH_RISK,DENY
92.14,0,7.41,1.92,10.19,94.75,NORMAL,ALLOW
90.9,0,7.27,3.25,4.96,86.21,NORMAL,ALLOW
91.93,0,4.54,6.0,0.45,94.7,NORMAL,ALLOW
93.66,0,8.97,0.1,1.51,90.67,NORMAL,ALLOW
61.71,2,29.72,32.66,36.29,66.24,SUSPICIOUS,LIMITED
20.45,6,120.83,80.46,68.55,22.56,HIGH_RISK,DENY
48.04,2,22.4,52.41,30.81,54.83,SUSPICIOUS,LIMITED
41.64,3,21.91,41.27,68.22,63.83,SUSPICIOUS,LIMITED
95.05,0,4.48,2.91,2.6,86.35,NORMAL,ALLOW
16.83,11,83.93,76.57,62.01,20.35,HIGH_RISK,DENY
40.02,4,20.7,55.1,27.34,59.4,SUSPICIOUS,LIMITED
86.82,0,1.56,0.21,3.14,95.1,NORMAL,ALLOW
85.85,0,2.98,1.32,6.52,87.44,NORMAL,ALLOW
10.27,7,70.64,70.74,79.13,24.85,HIGH_RISK,DENY
50.82,4,16.71,48.02,54.82,47.25,SUSPICIOUS,LIMITED
89.35,0,7.88,1.15,8.7,89.1,NORMAL,ALLOW
44.0,5,26.0,35.25,43.96,58.38,SUSPICIOUS,LIMITED
55.03,2,16.99,52.29,43.96,49.23,SUSPICIOUS,LIMITED
9.93,15,73.44,87.15,71.71,38.0,HIGH_RISK,DENY
84.4,1,3.47,0.97,0.34,84.28,NORMAL,ALLOW
100.0,0,2.96,0.58,0.4,96.44,NORMAL,ALLOW
54.27,6,26.0,48.28,51.11,53.58,SUSPICIOUS,LIMITED
82.65,2,7.67,1.4,1.14,100.0,NORMAL,ALLOW
58.27,6,21.63,44.13,63.8,60.7,SUSPICIOUS,LIMITED
14.09,6,71.22,95.09,81.7,17.68,HIGH_RISK,DENY
94.36,1,3.57,0.19,2.62,90.72,NORMAL,ALLOW
19.05,9,54.26,93.49,90.84,2.65,HIGH_RISK,DENY
96.45,1,2.38,12.68,2.32,89.04,NORMAL,ALLOW
21.21,11,51.83,71.62,71.32,22.96,HIGH_RISK,DENY
56.41,5,28.5,41.59,42.56,65.67,SUSPICIOUS,LIMITED
98.54,0,4.37,1.91,9.76,93.72,NORMAL,ALLOW
91.55,0,7.22,2.22,0.12,90.6,NORMAL,ALLOW
46.22,2,31.22,42.69,39.32,70.6,SUSPICIOUS,LIMITED
88.77,0,3.51,4.46,9.18,88.56,NORMAL,ALLOW
89.35,0,2.29,0.1,1.14,88.31,NORMAL,ALLOW
16.2,8,101.3,96.33,70.88,12.56,HIGH_RISK,DENY
53.71,4,28.11,42.82,35.04,49.11,SUSPICIOUS,LIMITED
54.16,5,14.04,43.05,62.33,51.68,SUSPICIOUS,LIMITED
96.14,0,5.63,5.04,1.84,96.2,NORMAL,ALLOW
66.12,5,36.63,41.46,39.34,61.52,SUSPICIOUS,LIMITED
7.92,8,86.13,92.1,100.0,18.09,HIGH_RISK,DENY
0.81,7,91.13,87.14,80.13,31.23,HIGH_RISK,DENY
53.64,2,23.79,52.02,28.35,55.54,SUSPICIOUS,LIMITED
18.24,11,80.88,74.09,83.68,28.56,HIGH_RISK,DENY
14.35,7,100.75,90.58,80.66,11.11,HIGH_RISK,DENY
17.28,12,88.1,70.53,68.84,28.31,HIGH_RISK,DENY
54.82,6,35.22,41.4,49.33,59.82,SUSPICIOUS,LIMITED
54.02,2,26.12,61.6,28.7,62.94,SUSPICIOUS,LIMITED
99.27,0,6.42,3.9,4.18,87.17,NORMAL,ALLOW
61.81,3,22.05,60.02,40.63,56.04,SUSPICIOUS,LIMITED
89.78,0,5.07,3.6,9.95,84.64,NORMAL,ALLOW
10.43,6,78.1,83.7,70.03,20.82,HIGH_RISK,DENY
11.53,11,85.5,82.77,86.62,23.67,HIGH_RISK,DENY
6.9,11,73.96,83.99,78.85,19.93,HIGH_RISK,DENY
19.83,10,110.28,95.52,70.85,12.49,HIGH_RISK,DENY
97.6,0,7.62,1.2,0.71,100.0,NORMAL,ALLOW
52.68,6,31.12,33.49,32.56,52.79,SUSPICIOUS,LIMITED
51.24,6,22.3,42.95,64.74,53.23,SUSPICIOUS,LIMITED
17.6,11,72.84,99.02,90.79,25.22,HIGH_RISK,DENY
85.94,0,2.58,7.51,0.04,87.88,NORMAL,ALLOW
62.79,6,29.84,41.06,60.02,46.97,SUSPICIOUS,LIMITED
54.66,2,18.3,51.28,52.12,64.08,SUSPICIOUS,LIMITED
22.22,13,76.76,89.94,70.99,34.47,HIGH_RISK,DENY
66.8,5,25.45,49.62,50.18,68.11,SUSPICIOUS,LIMITED
95.25,0,3.37,3.6,4.36,91.03,NORMAL,ALLOW
97.79,0,7.48,10.82,0.45,90.91,NORMAL,ALLOW
55.33,5,19.75,52.49,27.51,57.29,SUSPICIOUS,LIMITED
99.2,0,8.46,2.88,0.16,94.14,NORMAL,ALLOW
80.49,0,4.07,2.1,5.64,89.35,NORMAL,ALLOW
92.83,0,5.65,0.26,0.76,100.0,NORMAL,ALLOW
89.14,0,3.93,3.24,0.54,94.16,NORMAL,ALLOW
54.91,2,29.31,46.14,59.74,58.16,SUSPICIOUS,LIMITED
88.99,0,1.0,3.42,0.89,91.42,NORMAL,ALLOW
14.4,6,87.52,80.46,79.07,5.78,HIGH_RISK,DENY
96.86,0,5.0,0.16,4.15,95.7,NORMAL,ALLOW
91.75,0,8.08,3.32,2.26,100.0,NORMAL,ALLOW
24.44,13,93.29,87.14,79.33,37.59,HIGH_RISK,DENY
24.02,15,93.51,88.8,69.14,17.02,HIGH_RISK,DENY
41.01,2,19.08,44.65,20.54,51.95,SUSPICIOUS,LIMITED
54.28,4,26.23,49.0,29.28,52.99,SUSPICIOUS,LIMITED
61.83,3,18.72,28.67,36.24,55.53,SUSPICIOUS,LIMITED
22.86,9,100.19,82.49,68.81,8.76,HIGH_RISK,DENY
94.3,1,4.89,2.63,15.0,92.08,NORMAL,ALLOW
23.37,13,81.12,82.17,77.2,19.14,HIGH_RISK,DENY
13.67,6,96.9,80.53,80.02,21.28,HIGH_RISK,DENY
92.03,1,4.06,0.75,4.31,86.52,NORMAL,ALLOW
95.59,0,4.46,2.03,1.67,89.9,NORMAL,ALLOW
54.1,3,21.4,22.0,55.59,59.53,SUSPICIOUS,LIMITED
99.82,0,5.57,14.02,1.42,99.48,NORMAL,ALLOW
64.06,2,31.71,26.47,40.85,72.0,SUSPICIOUS,LIMITED
26.04,6,94.76,99.32,86.06,22.38,HIGH_RISK,DENY
94.36,0,6.83,7.62,4.24,100.0,NORMAL,ALLOW
47.27,2,24.29,45.39,43.73,42.92,SUSPICIOUS,LIMITED
57.53,6,42.48,55.71,43.31,70.85,SUSPICIOUS,LIMITED
54.01,2,30.5,50.7,46.65,47.86,SUSPICIOUS,LIMITED
86.97,0,3.8,6.74,2.95,87.04,NORMAL,ALLOW
92.38,0,1.0,4.29,2.72,96.78,NORMAL,ALLOW
55.64,3,27.83,39.46,47.36,40.33,SUSPICIOUS,LIMITED
100.0,0,4.71,0.55,3.39,86.84,NORMAL,ALLOW
18.36,7,86.44,89.16,75.4,14.25,HIGH_RISK,DENY
46.79,2,23.86,49.72,34.34,72.0,SUSPICIOUS,LIMITED
25.86,8,66.76,86.33,97.1,19.38,HIGH_RISK,DENY
99.21,0,6.87,1.03,1.68,98.46,NORMAL,ALLOW
24.31,10,95.94,89.11,77.32,11.1,HIGH_RISK,DENY
38.0,2,34.0,47.55,37.47,59.03,SUSPICIOUS,LIMITED
45.09,3,23.6,45.25,33.64,63.66,SUSPICIOUS,LIMITED
59.11,4,42.8,47.38,65.79,44.6,SUSPICIOUS,LIMITED
98.36,1,6.95,6.86,2.81,86.39,NORMAL,ALLOW
21.59,11,77.21,88.05,76.17,15.78,HIGH_RISK,DENY
12.13,9,72.53,89.86,69.67,24.1,HIGH_RISK,DENY
54.55,6,32.18,48.51,34.85,69.54,SUSPICIOUS,LIMITED
62.75,2,14.0,46.72,32.84,53.54,SUSPICIOUS,LIMITED
96.26,0,5.4,10.73,5.27,90.45,NORMAL,ALLOW
20.37,8,106.55,86.61,74.43,15.11,HIGH_RISK,DENY
14.88,7,65.02,74.61,82.76,4.32,HIGH_RISK,DENY
23.75,10,72.77,89.91,76.44,38.0,HIGH_RISK,DENY
97.75,0,1.51,0.34,4.59,89.13,NORMAL,ALLOW
50.13,2,23.27,46.54,51.62,58.68,SUSPICIOUS,LIMITED
60.19,6,20.25,30.97,27.25,57.73,SUSPICIOUS,LIMITED
50.97,4,17.37,55.02,34.49,72.0,SUSPICIOUS,LIMITED
50.14,4,18.79,40.58,54.0,72.0,SUSPICIOUS,LIMITED
9.59,7,69.99,83.52,76.81,16.07,HIGH_RISK,DENY
8.15,13,98.04,88.89,64.99,20.81,HIGH_RISK,DENY
65.3,5,22.79,35.65,60.06,40.46,SUSPICIOUS,LIMITED
23.2,8,86.49,74.11,76.5,13.56,HIGH_RISK,DENY
70.79,2,30.79,39.63,51.95,48.32,SUSPICIOUS,LIMITED
20.88,8,68.1,85.08,85.42,20.69,HIGH_RISK,DENY
89.47,1,6.58,1.05,5.21,92.56,NORMAL,ALLOW
57.6,3,14.0,43.33,39.49,57.56,SUSPICIOUS,LIMITED
14.65,12,91.66,84.55,79.65,17.37,HIGH_RISK,DENY
89.84,1,3.84,10.57,0.38,97.61,NORMAL,ALLOW
50.24,4,23.42,46.63,44.75,64.04,SUSPICIOUS,LIMITED
24.8,12,101.08,80.18,76.73,16.07,HIGH_RISK,DENY
97.19,0,2.88,1.27,2.46,99.64,NORMAL,ALLOW
38.0,3,26.45,58.84,46.18,48.29,SUSPICIOUS,LIMITED
86.38,0,5.04,3.69,4.06,88.75,NORMAL,ALLOW
49.06,2,33.99,53.83,49.98,52.75,SUSPICIOUS,LIMITED
23.03,12,69.58,85.58,74.04,8.38,HIGH_RISK,DENY
93.29,0,4.81,5.72,3.66,91.83,NORMAL,ALLOW
8.62,9,48.0,92.07,75.93,22.83,HIGH_RISK,DENY
23.51,12,99.07,75.14,70.68,18.31,HIGH_RISK,DENY
93.62,0,2.38,4.34,2.96,91.05,NORMAL,ALLOW
15.85,11,84.91,75.44,62.86,11.45,HIGH_RISK,DENY
91.75,0,8.09,1.93,2.58,93.45,NORMAL,ALLOW
10.27,6,97.2,92.12,86.93,16.4,HIGH_RISK,DENY
52.16,3,24.16,38.7,30.45,56.8,SUSPICIOUS,LIMITED
12.95,11,103.48,84.39,67.6,24.87,HIGH_RISK,DENY
9.1,6,98.04,88.75,63.04,20.89,HIGH_RISK,DENY
45.97,6,20.2,40.12,38.16,51.97,SUSPICIOUS,LIMITED
95.61,0,3.32,0.17,1.76,95.55,NORMAL,ALLOW
88.11,0,5.72,2.33,2.16,93.01,NORMAL,ALLOW
83.7,0,2.55,12.03,2.59,96.87,NORMAL,ALLOW
64.23,4,37.18,30.97,60.6,59.68,SUSPICIOUS,LIMITED
67.78,2,32.18,52.85,42.82,66.63,SUSPICIOUS,LIMITED
49.16,6,20.9,40.63,32.12,63.46,SUSPICIOUS,LIMITED
9.54,12,86.42,94.8,89.96,23.35,HIGH_RISK,DENY
90.65,0,9.62,3.55,9.45,99.14,NORMAL,ALLOW
98.01,0,7.33,3.99,1.79,94.94,NORMAL,ALLOW
66.24,2,37.74,55.05,31.25,46.02,SUSPICIOUS,LIMITED
47.82,2,41.07,51.38,31.73,58.55,SUSPICIOUS,LIMITED
93.81,0,8.06,6.99,5.61,87.61,NORMAL,ALLOW
66.64,2,18.08,37.72,56.79,43.79,SUSPICIOUS,LIMITED
55.76,6,31.71,38.77,35.68,68.82,SUSPICIOUS,LIMITED
38.0,3,34.04,27.29,46.01,67.71,SUSPICIOUS,LIMITED
87.8,0,3.79,3.35,2.11,93.13,NORMAL,ALLOW
58.98,2,29.37,43.36,54.63,46.32,SUSPICIOUS,LIMITED
97.63,0,6.82,3.46,1.35,89.8,NORMAL,ALLOW
22.56,10,83.48,88.49,94.51,28.33,HIGH_RISK,DENY
92.73,0,6.61,10.23,0.2,95.49,NORMAL,ALLOW
97.4,0,1.81,10.99,0.98,81.63,NORMAL,ALLOW
90.99,0,4.83,4.27,1.49,95.33,NORMAL,ALLOW
9.75,11,79.48,83.24,83.74,27.88,HIGH_RISK,DENY
47.3,5,17.13,59.76,28.54,56.56,SUSPICIOUS,LIMITED
95.73,0,4.7,2.04,9.19,95.0,NORMAL,ALLOW
96.35,0,6.96,4.38,3.45,93.95,NORMAL,ALLOW
53.49,6,22.39,42.33,44.75,65.08,SUSPICIOUS,LIMITED
5.74,12,83.73,72.54,67.56,13.18,HIGH_RISK,DENY
55.18,3,19.82,38.99,30.57,46.01,SUSPICIOUS,LIMITED
51.17,2,23.86,40.0,32.72,55.75,SUSPICIOUS,LIMITED
67.38,6,42.96,32.94,34.88,43.31,SUSPICIOUS,LIMITED
14.95,9,57.94,89.05,73.26,16.18,HIGH_RISK,DENY
60.48,3,17.98,47.31,40.4,72.0,SUSPICIOUS,LIMITED
93.63,0,1.09,8.84,4.36,90.07,NORMAL,ALLOW
93.69,0,6.54,5.3,0.11,97.48,NORMAL,ALLOW
86.65,0,8.71,2.55,1.04,86.01,NORMAL,ALLOW
13.78,9,78.06,88.57,81.61,22.54,HIGH_RISK,DENY
91.83,0,2.41,0.32,3.49,87.17,NORMAL,ALLOW
27.9,13,88.65,82.4,89.15,14.2,HIGH_RISK,DENY
60.67,4,14.0,51.0,31.93,53.68,SUSPICIOUS,LIMITED
25.73,15,106.57,88.36,68.31,23.9,HIGH_RISK,DENY
19.57,10,96.3,82.04,82.39,16.15,HIGH_RISK,DENY
57.23,6,29.76,23.84,18.0,58.64,SUSPICIOUS,LIMITED
95.96,0,1.54,1.66,5.43,87.97,NORMAL,ALLOW
16.77,7,89.78,92.74,88.52,13.79,HIGH_RISK,DENY
87.53,0,1.0,1.74,2.31,82.22,NORMAL,ALLOW
16.91,6,93.44,74.21,74.91,21.12,HIGH_RISK,DENY
60.91,2,30.89,46.53,51.22,61.49,SUSPICIOUS,LIMITED
96.07,0,6.8,0.28,0.35,89.59,NORMAL,ALLOW
63.96,5,27.58,41.76,37.51,71.29,SUSPICIOUS,LIMITED
88.74,0,2.27,0.5,1.27,87.81,NORMAL,ALLOW
87.68,0,3.22,3.86,3.3,94.38,NORMAL,ALLOW
60.85,2,35.06,57.04,51.41,67.05,SUSPICIOUS,LIMITED
58.13,6,27.31,43.99,53.13,41.19,SUSPICIOUS,LIMITED
91.87,0,8.52,2.25,0.87,89.11,NORMAL,ALLOW
58.25,2,22.68,68.0,53.69,64.76,SUSPICIOUS,LIMITED
95.56,0,5.94,4.34,2.93,95.65,NORMAL,ALLOW
89.57,0,1.0,1.27,5.93,91.96,NORMAL,ALLOW
7.58,14,83.99,91.27,60.6,25.19,HIGH_RISK,DENY
54.38,2,27.94,56.12,31.97,72.0,SUSPICIOUS,LIMITED
48.97,2,24.97,33.36,27.15,62.4,SUSPICIOUS,LIMITED
95.5,0,5.95,1.41,0.43,92.25,NORMAL,ALLOW
93.1,1,2.11,6.42,2.9,98.82,NORMAL,ALLOW
89.61,0,5.13,7.0,0.53,93.84,NORMAL,ALLOW
91.72,1,7.91,9.38,1.78,90.76,NORMAL,ALLOW
79.64,0,4.35,4.72,0.23,100.0,NORMAL,ALLOW
84.89,1,3.93,1.1,1.71,87.87,NORMAL,ALLOW
25.78,9,63.06,84.94,76.49,11.94,HIGH_RISK,DENY
100.0,1,5.33,1.24,6.38,93.92,NORMAL,ALLOW
14.69,8,86.75,89.38,71.67,19.48,HIGH_RISK,DENY
56.18,4,41.0,35.01,34.94,51.16,SUSPICIOUS,LIMITED
43.83,6,21.11,45.06,42.72,58.61,SUSPICIOUS,LIMITED
48.85,2,26.63,57.55,39.03,57.43,SUSPICIOUS,LIMITED
61.51,6,25.62,35.92,51.8,72.0,SUSPICIOUS,LIMITED
59.73,5,34.44,41.85,46.08,50.13,SUSPICIOUS,LIMITED
9.54,20,107.41,87.76,91.78,21.49,HIGH_RISK,DENY
89.22,0,6.38,0.57,4.51,91.35,NORMAL,ALLOW
99.75,0,6.65,0.2,6.34,97.29,NORMAL,ALLOW
52.73,2,29.14,46.63,27.16,51.52,SUSPICIOUS,LIMITED
10.56,11,92.83,95.66,60.23,22.24,HIGH_RISK,DENY
46.71,2,20.67,59.84,30.88,62.55,SUSPICIOUS,LIMITED
15.18,11,87.77,81.98,93.06,24.39,HIGH_RISK,DENY
93.12,1,5.05,9.86,0.39,92.01,NORMAL,ALLOW
15.44,12,97.08,70.21,75.08,17.05,HIGH_RISK,DENY
25.58,8,97.18,86.35,65.53,11.88,HIGH_RISK,DENY
90.54,0,3.04,5.16,6.83,96.23,NORMAL,ALLOW
16.79,6,67.81,97.43,71.52,20.05,HIGH_RISK,DENY
10.34,8,114.47,85.75,72.71,27.72,HIGH_RISK,DENY
53.27,2,36.89,45.4,47.07,68.28,SUSPICIOUS,LIMITED
14.29,11,96.09,85.94,80.64,21.19,HIGH_RISK,DENY
51.93,5,40.93,33.6,29.3,66.97,SUSPICIOUS,LIMITED
49.47,4,15.76,42.82,49.68,68.79,SUSPICIOUS,LIMITED
94.41,0,7.49,1.21,7.6,95.28,NORMAL,ALLOW
55.08,2,15.54,54.27,42.61,56.68,SUSPICIOUS,LIMITED
87.77,0,4.96,1.86,0.74,95.96,NORMAL,ALLOW
100.0,0,8.27,10.44,1.32,94.43,NORMAL,ALLOW
87.55,2,1.0,5.37,4.61,91.5,NORMAL,ALLOW
43.15,5,19.48,41.28,44.76,69.43,SUSPICIOUS,LIMITED
100.0,1,3.02,1.63,0.38,89.66,NORMAL,ALLOW
90.49,0,5.04,2.71,3.11,80.91,NORMAL,ALLOW
93.64,0,6.72,8.29,3.52,97.81,NORMAL,ALLOW
53.16,5,20.74,48.4,44.21,45.76,SUSPICIOUS,LIMITED
60.58,2,26.1,31.87,54.1,52.24,SUSPICIOUS,LIMITED
95.03,0,3.48,2.02,1.64,92.68,NORMAL,ALLOW
98.39,0,6.35,1.1,5.57,92.39,NORMAL,ALLOW
99.93,0,8.13,6.87,6.57,93.23,NORMAL,ALLOW
9.62,9,95.93,84.98,90.74,19.52,HIGH_RISK,DENY
95.08,0,6.52,0.84,2.73,93.45,NORMAL,ALLOW
18.55,10,87.57,89.07,71.46,21.38,HIGH_RISK,DENY
12.29,8,68.24,97.45,65.5,20.63,HIGH_RISK,DENY
88.46,1,5.34,5.37,1.06,96.19,NORMAL,ALLOW
19.63,13,67.41,98.69,65.04,18.65,HIGH_RISK,DENY
16.59,6,93.94,96.15,92.54,16.5,HIGH_RISK,DENY
23.56,15,82.14,86.49,71.66,27.88,HIGH_RISK,DENY
15.88,6,66.66,92.12,69.34,27.44,HIGH_RISK,DENY
47.97,2,30.83,50.17,23.56,68.89,SUSPICIOUS,LIMITED
38.19,5,21.26,45.54,33.4,50.72,SUSPICIOUS,LIMITED
15.02,8,87.18,89.96,64.45,29.15,HIGH_RISK,DENY
93.48,0,1.69,3.34,1.5,97.72,NORMAL,ALLOW
57.84,3,26.18,45.05,50.93,55.35,SUSPICIOUS,LIMITED
20.89,11,63.23,92.24,71.75,13.15,HIGH_RISK,DENY
16.54,7,78.44,80.04,81.22,22.12,HIGH_RISK,DENY
4.58,10,92.76,87.54,71.72,10.55,HIGH_RISK,DENY
16.65,8,94.06,94.73,65.08,16.9,HIGH_RISK,DENY
14.98,7,75.56,93.71,61.8,7.51,HIGH_RISK,DENY
87.4,0,1.0,1.08,1.35,86.07,NORMAL,ALLOW
18.7,6,95.7,90.34,87.97,22.85,HIGH_RISK,DENY
87.41,0,5.18,2.33,1.39,89.47,NORMAL,ALLOW
52.74,4,14.0,58.82,37.33,60.92,SUSPICIOUS,LIMITED
24.4,11,88.34,81.08,61.03,28.54,HIGH_RISK,DENY
27.15,11,48.0,77.75,69.9,29.03,HIGH_RISK,DENY
50.77,5,25.1,49.73,57.78,55.26,SUSPICIOUS,LIMITED
88.94,0,3.0,0.53,0.84,91.49,NORMAL,ALLOW
93.3,0,6.47,8.03,4.01,95.22,NORMAL,ALLOW
23.09,16,85.87,87.8,85.36,13.07,HIGH_RISK,DENY
86.08,0,4.04,1.46,10.26,88.3,NORMAL,ALLOW
10.14,10,55.22,88.89,55.24,18.96,HIGH_RISK,DENY
53.08,5,24.52,58.14,41.94,63.24,SUSPICIOUS,LIMITED
95.27,1,2.97,0.44,3.14,90.89,NORMAL,ALLOW
93.22,0,3.83,5.42,13.11,91.95,NORMAL,ALLOW
21.08,9,75.66,80.28,69.22,14.24,HIGH_RISK,DENY
82.66,1,3.2,1.67,4.52,98.46,NORMAL,ALLOW
65.73,4,15.64,37.67,67.41,64.13,SUSPICIOUS,LIMITED
15.45,10,105.69,78.15,71.71,13.28,HIGH_RISK,DENY
47.89,5,19.63,54.48,23.36,45.97,SUSPICIOUS,LIMITED
20.58,11,82.48,79.68,95.13,18.25,HIGH_RISK,DENY
84.76,0,3.7,11.93,5.59,88.21,NORMAL,ALLOW
25.68,6,77.82,88.15,79.53,35.02,HIGH_RISK,DENY
93.71,0,5.49,13.23,3.14,90.84,NORMAL,ALLOW
89.96,0,6.36,2.22,2.59,90.97,NORMAL,ALLOW
59.53,2,26.86,56.43,45.9,47.1,SUSPICIOUS,LIMITED
99.23,0,7.64,6.99,1.79,87.41,NORMAL,ALLOW
23.3,14,116.56,84.19,81.77,18.96,HIGH_RISK,DENY
94.85,1,1.0,5.31,1.93,88.14,NORMAL,ALLOW
92.24,0,6.1,1.17,1.19,90.13,NORMAL,ALLOW
54.76,2,26.54,45.25,26.69,60.75,SUSPICIOUS,LIMITED
54.33,3,28.4,33.3,39.03,72.0,SUSPICIOUS,LIMITED
97.82,0,5.58,0.21,0.85,83.92,NORMAL,ALLOW
89.21,0,6.1,18.0,0.21,96.29,NORMAL,ALLOW
45.75,2,14.0,48.75,50.64,58.37,SUSPICIOUS,LIMITED
100.0,0,5.68,3.34,0.03,87.36,NORMAL,ALLOW
85.74,0,8.42,6.06,2.82,94.38,NORMAL,ALLOW
63.22,6,33.25,52.47,69.49,54.31,SUSPICIOUS,LIMITED
4.45,12,91.67,88.72,59.29,14.11,HIGH_RISK,DENY
18.23,9,63.51,88.4,73.52,25.95,HIGH_RISK,DENY
65.59,6,37.87,34.7,28.33,59.6,SUSPICIOUS,LIMITED
18.01,10,88.73,89.9,65.19,23.08,HIGH_RISK,DENY
8.18,17,108.22,85.46,64.5,23.41,HIGH_RISK,DENY
52.53,2,36.53,34.17,43.65,63.83,SUSPICIOUS,LIMITED
40.16,2,30.78,43.11,53.84,70.36,SUSPICIOUS,LIMITED
18.75,7,54.33,73.37,64.52,18.67,HIGH_RISK,DENY
90.77,2,3.69,11.76,1.61,93.85,NORMAL,ALLOW
11.03,8,49.0,75.13,77.67,10.16,HIGH_RISK,DENY
38.0,2,21.77,49.38,45.4,58.95,SUSPICIOUS,LIMITED
18.95,6,89.5,62.44,80.03,24.46,HIGH_RISK,DENY
56.46,2,26.09,53.37,33.63,44.58,SUSPICIOUS,LIMITED
57.35,3,26.24,44.82,39.82,72.0,SUSPICIOUS,LIMITED
24.34,13,72.97,84.14,73.33,27.84,HIGH_RISK,DENY
52.34,3,36.2,61.02,33.25,63.99,SUSPICIOUS,LIMITED
92.06,0,5.51,1.16,1.1,94.07,NORMAL,ALLOW
9.34,16,72.6,92.29,78.85,28.96,HIGH_RISK,DENY
93.67,1,7.27,1.77,0.85,95.27,NORMAL,ALLOW
56.88,2,41.36,48.71,38.96,62.6,SUSPICIOUS,LIMITED
99.38,1,8.41,4.04,3.45,89.56,NORMAL,ALLOW
20.37,10,89.59,77.41,76.21,27.32,HIGH_RISK,DENY
21.86,8,101.18,92.44,61.56,19.5,HIGH_RISK,DENY
95.8,0,6.8,2.09,4.49,96.47,NORMAL,ALLOW
69.04,4,29.44,48.27,46.24,53.17,SUSPICIOUS,LIMITED
21.89,6,72.71,93.88,81.17,30.56,HIGH_RISK,DENY
87.62,0,3.98,0.68,0.55,88.96,NORMAL,ALLOW
52.29,2,33.41,38.0,40.38,72.0,SUSPICIOUS,LIMITED
94.85,0,4.94,4.36,0.63,97.11,NORMAL,ALLOW
7.98,8,48.0,95.46,76.11,4.36,HIGH_RISK,DENY
87.39,0,2.97,1.56,0.25,92.58,NORMAL,ALLOW
86.61,0,2.93,1.36,0.86,98.56,NORMAL,ALLOW
89.99,0,8.66,1.91,1.98,94.48,NORMAL,ALLOW
89.92,0,1.24,2.09,1.97,97.3,NORMAL,ALLOW
11.48,7,97.2,90.51,84.34,8.45,HIGH_RISK,DENY
19.41,8,107.59,100.0,88.66,20.44,HIGH_RISK,DENY
8.76,10,111.77,81.06,55.17,29.66,HIGH_RISK,DENY
95.16,0,3.27,7.38,1.4,100.0,NORMAL,ALLOW
91.29,0,2.0,2.0,1.35,87.11,NORMAL,ALLOW
46.57,4,29.77,49.09,31.47,64.67,SUSPICIOUS,LIMITED
50.85,3,32.16,59.24,53.21,64.47,SUSPICIOUS,LIMITED
96.68,0,6.91,4.06,1.5,85.92,NORMAL,ALLOW
60.29,5,24.78,45.09,33.59,51.11,SUSPICIOUS,LIMITED
15.15,9,86.22,80.91,83.07,4.56,HIGH_RISK,DENY
97.8,0,8.2,4.1,6.47,100.0,NORMAL,ALLOW
95.84,0,6.48,1.68,1.0,92.99,NORMAL,ALLOW
25.22,9,92.76,77.92,91.45,13.52,HIGH_RISK,DENY
69.2,3,28.69,63.12,44.89,58.84,SUSPICIOUS,LIMITED
20.52,9,79.32,97.73,78.54,35.42,HIGH_RISK,DENY
88.26,0,4.58,7.21,0.16,90.0,NORMAL,ALLOW
98.23,0,3.72,3.52,4.86,81.63,NORMAL,ALLOW
91.07,1,3.67,6.43,0.04,90.16,NORMAL,ALLOW
53.83,4,29.68,44.49,48.41,55.56,SUSPICIOUS,LIMITED
86.29,0,6.13,2.55,0.38,90.89,NORMAL,ALLOW
85.81,0,7.04,2.6,0.67,87.99,NORMAL,ALLOW
93.08,0,1.0,2.28,0.31,94.45,NORMAL,ALLOW
18.23,8,73.7,79.07,90.03,0.0,HIGH_RISK,DENY
8.91,8,71.93,83.26,51.99,17.99,HIGH_RISK,DENY
93.48,0,2.28,2.45,4.86,98.47,NORMAL,ALLOW
43.0,2,27.93,28.82,22.68,50.21,SUSPICIOUS,LIMITED
10.46,6,56.26,81.81,71.32,20.27,HIGH_RISK,DENY
69.93,4,30.52,32.75,18.0,72.0,SUSPICIOUS,LIMITED
86.45,0,6.06,3.14,1.18,93.71,NORMAL,ALLOW
48.95,6,14.28,43.11,61.28,52.71,SUSPICIOUS,LIMITED
4.84,10,98.74,85.68,92.32,14.39,HIGH_RISK,DENY
7.36,11,74.36,76.7,79.94,11.43,HIGH_RISK,DENY
14.55,15,76.32,86.22,61.29,9.9,HIGH_RISK,DENY
43.58,4,23.1,42.58,25.8,59.09,SUSPICIOUS,LIMITED
50.93,4,31.17,45.07,26.02,56.37,SUSPICIOUS,LIMITED
91.19,0,6.2,1.09,8.74,86.03,NORMAL,ALLOW
17.08,8,89.67,85.08,62.11,27.84,HIGH_RISK,DENY
93.89,0,3.33,0.07,1.42,85.13,NORMAL,ALLOW
68.95,6,24.85,68.0,37.98,57.7,SUSPICIOUS,LIMITED
58.9,4,22.66,43.44,57.84,57.19,SUSPICIOUS,LIMITED
90.7,0,7.47,1.58,2.32,92.78,NORMAL,ALLOW
89.39,1,4.15,0.23,3.53,92.21,NORMAL,ALLOW
92.32,0,3.31,3.03,4.21,100.0,NORMAL,ALLOW
57.62,2,28.15,53.01,21.9,61.8,SUSPICIOUS,LIMITED
64.81,4,21.57,55.95,31.2,57.88,SUSPICIOUS,LIMITED
40.67,2,30.26,34.76,47.09,58.29,SUSPICIOUS,LIMITED
88.36,0,2.96,0.53,7.85,94.59,NORMAL,ALLOW
72.0,2,21.63,51.95,51.74,39.81,SUSPICIOUS,LIMITED
12.96,8,67.86,80.74,79.75,17.3,HIGH_RISK,DENY
3.11,13,76.59,92.82,75.98,16.98,HIGH_RISK,DENY
3.52,9,83.03,80.78,66.55,21.23,HIGH_RISK,DENY
91.44,0,4.72,3.39,1.5,87.97,NORMAL,ALLOW
13.38,6,91.39,100.0,76.87,11.68,HIGH_RISK,DENY
55.0,4,39.98,33.0,50.31,63.9,SUSPICIOUS,LIMITED
66.55,5,31.31,39.43,47.22,64.84,SUSPICIOUS,LIMITED
16.0,15,105.73,94.65,81.17,22.63,HIGH_RISK,DENY
53.01,5,18.53,30.38,40.21,65.37,SUSPICIOUS,LIMITED
57.13,4,34.99,48.55,42.37,62.81,SUSPICIOUS,LIMITED
96.77,0,4.64,2.06,1.49,89.7,NORMAL,ALLOW
93.21,0,7.37,1.44,3.32,92.73,NORMAL,ALLOW
10.42,11,82.51,77.1,73.15,23.54,HIGH_RISK,DENY
90.76,2,4.31,0.21,0.62,81.75,NORMAL,ALLOW
55.44,5,30.41,54.25,41.7,71.64,SUSPICIOUS,LIMITED
57.59,6,32.39,56.12,62.52,62.8,SUSPICIOUS,LIMITED
15.14,8,105.84,90.2,59.45,36.56,HIGH_RISK,DENY
18.98,17,88.57,90.5,100.0,16.44,HIGH_RISK,DENY
92.37,0,4.9,3.04,0.11,90.81,NORMAL,ALLOW
46.99,6,28.12,46.48,66.81,63.03,SUSPICIOUS,LIMITED
71.43,3,29.87,58.24,32.18,65.78,SUSPICIOUS,LIMITED
87.85,0,6.15,2.23,2.77,89.63,NORMAL,ALLOW
87.11,0,4.89,4.02,0.05,81.57,NORMAL,ALLOW
8.63,14,112.24,87.43,86.43,20.1,HIGH_RISK,DENY
10.72,8,97.71,98.63,79.27,16.8,HIGH_RISK,DENY
11.24,14,83.42,93.25,83.16,20.99,HIGH_RISK,DENY
18.4,11,74.52,83.06,91.45,35.12,HIGH_RISK,DENY
92.5,0,9.39,6.05,1.72,86.68,NORMAL,ALLOW
21.57,11,103.31,86.37,63.76,20.92,HIGH_RISK,DENY
90.9,0,5.9,3.44,10.17,94.17,NORMAL,ALLOW
18.39,7,107.3,83.09,84.99,9.69,HIGH_RISK,DENY
50.0,4,32.39,61.65,52.23,62.77,SUSPICIOUS,LIMITED
64.45,5,31.24,40.46,27.58,46.67,SUSPICIOUS,LIMITED
49.22,2,35.7,49.32,52.75,52.38,SUSPICIOUS,LIMITED
47.5,5,35.91,46.65,36.32,65.5,SUSPICIOUS,LIMITED
13.89,9,77.33,91.25,87.29,38.0,HIGH_RISK,DENY
91.55,0,8.86,3.66,2.19,86.73,NORMAL,ALLOW
42.71,2,32.47,52.32,18.0,65.03,SUSPICIOUS,LIMITED
15.99,12,60.08,77.28,86.34,16.69,HIGH_RISK,DENY
93.61,0,4.51,5.26,1.47,93.45,NORMAL,ALLOW
93.28,0,5.81,0.66,1.06,91.8,NORMAL,ALLOW
55.15,3,41.42,43.8,28.51,64.71,SUSPICIOUS,LIMITED
66.72,4,14.0,37.46,46.2,64.91,SUSPICIOUS,LIMITED
95.87,0,7.47,4.3,1.16,77.43,NORMAL,ALLOW
7.22,6,106.1,89.79,91.64,13.75,HIGH_RISK,DENY
11.37,12,97.61,89.69,64.09,32.05,HIGH_RISK,DENY
7.66,6,78.54,80.6,67.23,18.1,HIGH_RISK,DENY
12.52,6,88.86,83.51,72.83,20.04,HIGH_RISK,DENY
54.05,4,20.43,44.38,52.43,58.43,SUSPICIOUS,LIMITED
13.25,6,96.44,80.32,81.12,10.41,HIGH_RISK,DENY
84.85,0,4.01,1.35,0.6,100.0,NORMAL,ALLOW
21.36,6,90.64,70.81,82.65,24.95,HIGH_RISK,DENY
97.33,0,4.59,3.72,1.56,89.86,NORMAL,ALLOW
15.4,6,95.1,86.67,94.16,8.01,HIGH_RISK,DENY
9.57,10,81.37,74.97,74.92,16.42,HIGH_RISK,DENY
91.46,0,9.35,5.58,1.25,94.94,NORMAL,ALLOW
88.5,0,4.58,3.02,5.07,98.75,NORMAL,ALLOW
11.13,6,59.21,88.15,71.32,20.32,HIGH_RISK,DENY
30.79,9,89.03,87.42,85.16,27.24,HIGH_RISK,DENY
89.0,0,2.23,1.7,1.4,98.4,NORMAL,ALLOW
61.75,4,17.51,41.9,40.5,60.8,SUSPICIOUS,LIMITED
53.49,4,22.31,44.43,33.6,58.08,SUSPICIOUS,LIMITED
21.64,8,82.65,78.47,83.84,18.82,HIGH_RISK,DENY
59.38,5,17.6,55.0,51.13,58.1,SUSPICIOUS,LIMITED
90.45,0,3.99,0.2,8.89,89.77,NORMAL,ALLOW
10.45,11,78.04,88.64,71.55,21.36,HIGH_RISK,DENY
94.47,0,4.52,3.34,0.12,93.96,NORMAL,ALLOW
22.01,12,100.04,91.46,85.08,36.35,HIGH_RISK,DENY
56.93,4,34.35,50.4,43.53,49.84,SUSPICIOUS,LIMITED
100.0,2,6.88,4.61,6.78,91.93,NORMAL,ALLOW
16.94,16,93.74,97.98,76.19,32.28,HIGH_RISK,DENY
53.14,2,15.16,41.36,23.05,57.44,SUSPICIOUS,LIMITED
11.34,11,84.47,94.73,61.95,24.52,HIGH_RISK,DENY
18.85,7,91.65,89.51,83.83,24.69,HIGH_RISK,DENY
13.27,8,88.66,81.78,85.77,3.27,HIGH_RISK,DENY
64.62,4,29.39,40.13,45.72,58.09,SUSPICIOUS,LIMITED
94.65,1,6.53,5.85,1.98,98.76,NORMAL,ALLOW
7.14,6,102.84,82.31,80.95,16.07,HIGH_RISK,DENY
60.92,6,15.22,39.19,33.96,47.98,SUSPICIOUS,LIMITED
53.87,2,35.78,37.93,22.95,68.66,SUSPICIOUS,LIMITED
53.63,6,14.0,43.74,62.89,41.38,SUSPICIOUS,LIMITED
42.51,4,34.65,50.55,47.24,64.41,SUSPICIOUS,LIMITED
25.3,9,80.22,76.45,81.07,27.3,HIGH_RISK,DENY
14.78,10,96.56,74.49,80.49,30.44,HIGH_RISK,DENY
38.76,3,18.01,34.0,36.59,55.83,SUSPICIOUS,LIMITED
38.0,5,14.0,65.65,38.11,56.72,SUSPICIOUS,LIMITED
0.48,7,89.4,79.17,73.48,28.07,HIGH_RISK,DENY
9.0,8,69.14,83.92,92.5,16.48,HIGH_RISK,DENY
13.74,6,92.6,86.14,87.54,20.52,HIGH_RISK,DENY
21.16,13,84.75,76.61,64.57,35.39,HIGH_RISK,DENY
60.84,6,34.85,39.92,39.3,68.0,SUSPICIOUS,LIMITED
54.06,2,34.01,38.91,19.14,63.16,SUSPICIOUS,LIMITED
92.37,0,3.58,3.14,6.85,82.43,NORMAL,ALLOW
56.8,2,30.16,39.2,55.47,60.79,SUSPICIOUS,LIMITED
92.93,0,2.12,5.28,5.13,89.44,NORMAL,ALLOW
20.82,13,124.53,94.48,76.22,12.95,HIGH_RISK,DENY
91.63,0,4.19,0.67,4.06,84.03,NORMAL,ALLOW
19.9,6,71.68,91.16,81.95,20.5,HIGH_RISK,DENY
87.9,0,4.89,1.23,12.18,95.83,NORMAL,ALLOW
93.4,2,3.64,0.94,2.36,95.59,NORMAL,ALLOW
100.0,0,4.94,0.51,2.04,97.48,NORMAL,ALLOW
10.21,11,94.9,70.38,92.67,10.45,HIGH_RISK,DENY
46.59,6,25.06,22.0,34.39,72.0,SUSPICIOUS,LIMITED
50.1,2,14.0,46.77,46.67,54.21,SUSPICIOUS,LIMITED
94.59,1,6.04,0.71,13.3,85.1,NORMAL,ALLOW
67.15,6,31.5,45.69,31.5,65.89,SUSPICIOUS,LIMITED
17.21,14,99.91,87.82,86.68,20.44,HIGH_RISK,DENY
53.36,3,21.97,46.32,37.88,39.68,SUSPICIOUS,LIMITED
5.45,10,62.05,89.31,93.74,13.13,HIGH_RISK,DENY
93.04,2,4.44,5.54,3.06,98.82,NORMAL,ALLOW
90.93,1,3.11,2.64,4.74,94.52,NORMAL,ALLOW
49.11,3,25.33,62.56,44.19,65.67,SUSPICIOUS,LIMITED
51.79,4,26.97,59.8,52.23,63.04,SUSPICIOUS,LIMITED
51.25,2,26.95,42.64,41.21,55.05,SUSPICIOUS,LIMITED
28.63,6,56.72,79.58,82.63,29.12,HIGH_RISK,DENY
92.18,0,2.07,2.01,1.19,88.21,NORMAL,ALLOW
42.05,3,35.25,45.81,48.09,57.14,SUSPICIOUS,LIMITED
65.54,6,23.79,22.0,46.66,63.65,SUSPICIOUS,LIMITED
94.37,0,4.24,1.07,2.21,87.61,NORMAL,ALLOW
59.59,6,26.46,45.09,63.89,67.09,SUSPICIOUS,LIMITED
20.71,13,103.6,81.25,72.22,34.06,HIGH_RISK,DENY
100.0,0,2.28,1.06,4.23,90.64,NORMAL,ALLOW
12.21,11,102.7,77.57,72.34,18.98,HIGH_RISK,DENY
40.45,3,29.04,60.54,70.0,57.92,SUSPICIOUS,LIMITED
88.69,0,1.0,4.3,1.23,92.28,NORMAL,ALLOW
10.08,8,78.63,93.14,84.36,10.27,HIGH_RISK,DENY
56.0,5,23.89,40.48,40.01,62.42,SUSPICIOUS,LIMITED
14.06,7,81.76,80.2,70.93,30.97,HIGH_RISK,DENY
84.92,0,3.22,10.14,1.2,89.69,NORMAL,ALLOW
92.11,0,3.02,0.49,1.44,93.22,NORMAL,ALLOW
56.49,2,37.21,48.38,18.0,66.05,SUSPICIOUS,LIMITED
12.86,11,97.81,86.19,64.56,16.11,HIGH_RISK,DENY
100.0,0,5.86,3.53,6.71,89.96,NORMAL,ALLOW
50.53,5,19.99,58.5,56.14,63.62,SUSPICIOUS,LIMITED
91.7,0,4.98,0.44,4.59,85.9,NORMAL,ALLOW
54.28,3,33.61,63.88,41.91,66.34,SUSPICIOUS,LIMITED
3.66,9,65.84,83.52,80.87,25.97,HIGH_RISK,DENY
93.93,0,1.96,13.78,0.21,90.5,NORMAL,ALLOW
46.93,3,24.44,30.49,37.65,51.62,SUSPICIOUS,LIMITED
21.94,16,103.71,84.28,86.22,19.57,HIGH_RISK,DENY
43.88,3,25.99,46.07,35.61,47.14,SUSPICIOUS,LIMITED
100.0,0,5.2,1.5,1.16,90.5,NORMAL,ALLOW
19.43,13,69.46,73.29,79.05,13.54,HIGH_RISK,DENY
87.89,0,2.4,0.74,2.76,100.0,NORMAL,ALLOW
67.09,3,29.61,39.04,29.65,42.02,SUSPICIOUS,LIMITED
45.21,3,27.03,52.16,50.46,48.93,SUSPICIOUS,LIMITED
88.94,1,4.08,3.22,1.85,95.45,NORMAL,ALLOW
28.64,12,59.17,85.44,70.46,28.29,HIGH_RISK,DENY
91.84,0,3.28,2.34,1.47,100.0,NORMAL,ALLOW
91.36,0,1.09,8.69,0.13,96.35,NORMAL,ALLOW
22.14,6,88.88,94.01,91.94,35.29,HIGH_RISK,DENY
88.01,0,6.96,0.62,1.76,84.21,NORMAL,ALLOW
64.9,2,35.75,55.47,53.17,61.73,SUSPICIOUS,LIMITED
22.39,8,79.7,76.98,68.31,21.47,HIGH_RISK,DENY
88.98,0,6.27,0.25,2.11,89.49,NORMAL,ALLOW
20.07,6,62.38,75.67,60.53,13.46,HIGH_RISK,DENY
19.83,9,51.24,99.67,74.14,7.49,HIGH_RISK,DENY
88.88,0,9.52,0.54,8.44,84.09,NORMAL,ALLOW
10.28,12,101.28,85.43,83.53,11.26,HIGH_RISK,DENY
23.75,9,106.91,87.45,65.79,3.6,HIGH_RISK,DENY
17.76,6,109.39,86.22,67.83,26.16,HIGH_RISK,DENY
13.99,9,93.04,74.59,92.81,14.53,HIGH_RISK,DENY
49.07,3,25.84,33.86,32.19,58.43,SUSPICIOUS,LIMITED
94.15,0,8.22,0.09,0.26,89.48,NORMAL,ALLOW
19.03,13,87.21,81.05,76.01,35.45,HIGH_RISK,DENY
45.08,3,22.87,40.28,45.08,61.44,SUSPICIOUS,LIMITED
88.73,0,6.11,7.01,1.03,95.86,NORMAL,ALLOW
90.59,0,6.47,4.39,13.9,96.14,NORMAL,ALLOW
59.63,4,39.38,30.05,46.04,72.0,SUSPICIOUS,LIMITED
13.21,12,90.9,91.4,80.81,29.57,HIGH_RISK,DENY
87.05,0,2.53,3.18,1.18,83.02,NORMAL,ALLOW
84.96,0,6.3,1.0,0.6,90.48,NORMAL,ALLOW
92.35,0,5.58,1.17,4.4,95.52,NORMAL,ALLOW
41.48,2,40.32,48.88,51.29,62.74,SUSPICIOUS,LIMITED
2.38,12,62.06,80.7,68.52,18.03,HIGH_RISK,DENY
92.3,0,8.04,8.25,3.62,98.27,NORMAL,ALLOW
66.32,6,20.14,51.9,48.38,53.62,SUSPICIOUS,LIMITED
96.92,0,5.9,2.87,1.99,93.8,NORMAL,ALLOW
9.16,7,69.92,73.45,66.28,8.33,HIGH_RISK,DENY
12.72,9,70.53,85.16,68.7,9.42,HIGH_RISK,DENY
9.46,11,79.82,62.0,80.18,24.6,HIGH_RISK,DENY
51.34,2,27.17,34.13,57.15,65.45,SUSPICIOUS,LIMITED
5.56,19,55.43,82.04,76.93,25.72,HIGH_RISK,DENY
89.74,0,6.97,0.38,6.07,92.84,NORMAL,ALLOW
95.35,0,6.74,6.55,0.83,91.08,NORMAL,ALLOW
95.63,0,4.4,1.76,4.29,94.83,NORMAL,ALLOW
55.95,5,20.22,35.7,42.5,63.29,SUSPICIOUS,LIMITED
59.8,6,37.47,49.26,36.31,49.91,SUSPICIOUS,LIMITED
31.44,7,117.71,84.47,76.07,24.52,HIGH_RISK,DENY
51.44,4,21.28,54.41,36.31,46.68,SUSPICIOUS,LIMITED
34.0,15,93.73,94.97,71.95,29.52,HIGH_RISK,DENY
20.65,6,91.25,79.29,86.95,19.56,HIGH_RISK,DENY
90.98,0,4.21,5.5,0.82,99.07,NORMAL,ALLOW
21.29,12,92.79,79.39,70.52,7.93,HIGH_RISK,DENY
44.64,3,18.47,27.12,47.73,58.69,SUSPICIOUS,LIMITED
86.88,1,5.34,3.36,3.02,77.84,NORMAL,ALLOW
47.31,5,22.44,50.72,67.77,72.0,SUSPICIOUS,LIMITED
19.47,12,105.38,83.03,97.4,10.13,HIGH_RISK,DENY
45.39,4,19.43,60.33,24.84,46.43,SUSPICIOUS,LIMITED
91.2,0,1.77,2.06,3.51,92.1,NORMAL,ALLOW
54.89,3,45.53,36.71,50.43,50.59,SUSPICIOUS,LIMITED
94.58,0,5.77,0.03,0.79,91.06,NORMAL,ALLOW
86.37,0,5.15,6.05,0.42,100.0,NORMAL,ALLOW
11.21,6,90.27,68.26,76.25,14.95,HIGH_RISK,DENY
13.15,10,100.87,86.22,69.28,18.47,HIGH_RISK,DENY
64.17,5,28.31,50.25,39.48,66.8,SUSPICIOUS,LIMITED
59.83,4,32.24,55.95,27.26,60.38,SUSPICIOUS,LIMITED
0.65,9,86.22,80.24,81.7,26.09,HIGH_RISK,DENY
8.43,8,87.79,77.07,86.95,21.07,HIGH_RISK,DENY
90.45,0,5.2,3.46,1.12,89.19,NORMAL,ALLOW
27.17,13,110.06,80.85,99.18,11.0,HIGH_RISK,DENY
89.8,1,5.46,3.24,0.89,93.07,NORMAL,ALLOW
21.18,14,99.89,76.22,79.07,16.34,HIGH_RISK,DENY
100.0,0,3.1,0.34,0.91,98.15,NORMAL,ALLOW
25.6,12,58.08,79.81,86.57,13.14,HIGH_RISK,DENY
95.4,0,4.57,1.43,14.54,90.73,NORMAL,ALLOW
20.89,8,71.19,92.65,82.95,25.88,HIGH_RISK,DENY
54.7,3,39.46,54.64,40.19,53.54,SUSPICIOUS,LIMITED
23.52,7,101.23,72.63,73.77,9.96,HIGH_RISK,DENY
53.13,2,34.38,57.96,50.47,65.47,SUSPICIOUS,LIMITED
59.28,4,25.45,46.01,33.65,60.29,SUSPICIOUS,LIMITED
68.15,3,28.09,54.73,50.64,53.98,SUSPICIOUS,LIMITED
19.15,6,88.12,89.76,58.82,18.93,HIGH_RISK,DENY
61.01,6,29.43,42.75,40.55,44.42,SUSPICIOUS,LIMITED
97.54,1,1.0,2.0,2.58,87.91,NORMAL,ALLOW
39.81,6,27.96,49.17,41.78,59.36,SUSPICIOUS,LIMITED
100.0,0,8.18,2.42,7.22,86.65,NORMAL,ALLOW
95.23,0,2.25,3.41,2.37,94.54,NORMAL,ALLOW
88.77,0,3.52,0.81,6.82,88.19,NORMAL,ALLOW
17.43,13,85.28,85.92,87.41,6.76,HIGH_RISK,DENY
15.99,10,104.14,83.14,71.8,13.61,HIGH_RISK,DENY
15.09,9,140.69,75.33,66.39,12.59,HIGH_RISK,DENY
13.48,12,66.69,86.95,67.71,22.88,HIGH_RISK,DENY
24.65,9,86.07,98.81,74.35,30.25,HIGH_RISK,DENY
15.38,6,74.45,86.23,77.22,21.36,HIGH_RISK,DENY
16.34,8,107.42,89.38,76.26,33.24,HIGH_RISK,DENY
85.6,1,7.23,2.17,1.2,84.45,NORMAL,ALLOW
88.05,1,2.14,3.11,0.61,95.56,NORMAL,ALLOW
26.05,10,109.62,86.14,86.72,15.33,HIGH_RISK,DENY
51.25,5,31.57,50.48,38.73,41.99,SUSPICIOUS,LIMITED
15.24,10,69.78,86.21,95.27,24.31,HIGH_RISK,DENY
52.36,4,27.78,40.29,44.51,53.92,SUSPICIOUS,LIMITED
65.14,4,27.89,40.97,36.85,72.0,SUSPICIOUS,LIMITED
48.27,3,28.36,53.36,42.24,44.8,SUSPICIOUS,LIMITED
25.74,7,103.98,91.09,70.44,17.54,HIGH_RISK,DENY
21.02,15,100.58,79.59,85.39,12.08,HIGH_RISK,DENY
52.69,4,42.96,45.09,28.5,68.8,SUSPICIOUS,LIMITED
90.07,0,3.72,3.45,8.19,100.0,NORMAL,ALLOW
44.43,5,26.32,57.42,47.42,51.47,SUSPICIOUS,LIMITED
56.57,2,42.1,50.47,34.89,41.74,SUSPICIOUS,LIMITED
0.0,9,77.4,76.63,90.28,29.11,HIGH_RISK,DENY
19.97,9,115.72,87.26,96.91,26.06,HIGH_RISK,DENY
16.05,14,64.83,82.74,75.72,16.69,HIGH_RISK,DENY
93.27,0,3.55,0.18,0.38,91.28,NORMAL,ALLOW
91.83,0,6.55,0.9,1.46,92.54,NORMAL,ALLOW
92.98,0,5.85,1.21,2.53,90.26,NORMAL,ALLOW
90.65,0,5.76,4.34,0.31,86.96,NORMAL,ALLOW
22.05,8,87.66,85.78,82.04,27.8,HIGH_RISK,DENY
92.48,0,3.24,1.93,7.21,91.38,NORMAL,ALLOW
3.74,14,76.48,74.02,70.95,33.66,HIGH_RISK,DENY
16.69,9,65.95,83.26,90.36,15.48,HIGH_RISK,DENY
17.62,15,86.65,81.32,74.52,23.76,HIGH_RISK,DENY
93.92,0,8.12,1.88,0.4,98.6,NORMAL,ALLOW
92.24,0,3.17,2.12,2.93,95.16,NORMAL,ALLOW
92.44,1,6.75,1.88,2.0,97.75,NORMAL,ALLOW
20.46,6,76.55,84.83,63.81,2.15,HIGH_RISK,DENY
95.48,0,4.19,4.0,8.51,85.83,NORMAL,ALLOW
88.69,0,6.18,8.83,2.45,95.35,NORMAL,ALLOW
39.65,6,16.29,68.0,33.36,61.51,SUSPICIOUS,LIMITED
26.25,6,73.42,84.59,95.43,14.04,HIGH_RISK,DENY
48.92,3,20.98,48.2,22.86,58.75,SUSPICIOUS,LIMITED
100.0,0,8.85,5.6,1.21,85.82,NORMAL,ALLOW
5.16,6,80.67,77.5,93.32,25.92,HIGH_RISK,DENY
52.12,6,37.24,43.9,37.99,72.0,SUSPICIOUS,LIMITED
48.81,3,27.8,34.4,22.01,41.6,SUSPICIOUS,LIMITED
41.95,4,21.81,54.73,38.83,43.37,SUSPICIOUS,LIMITED
83.54,0,6.21,1.1,0.7,97.24,NORMAL,ALLOW
25.2,12,66.07,92.45,92.38,23.03,HIGH_RISK,DENY
42.0,5,25.79,45.83,50.06,58.29,SUSPICIOUS,LIMITED
8.27,8,75.28,94.21,76.55,31.12,HIGH_RISK,DENY
83.97,0,3.89,1.41,2.46,92.65,NORMAL,ALLOW
63.02,4,27.69,51.53,23.21,66.41,SUSPICIOUS,LIMITED
50.92,6,15.62,51.62,43.78,48.8,SUSPICIOUS,LIMITED
15.14,14,98.87,68.44,82.78,14.17,HIGH_RISK,DENY
38.26,3,24.95,60.62,51.6,57.47,SUSPICIOUS,LIMITED
83.48,0,3.57,1.27,0.87,93.54,NORMAL,ALLOW
47.03,4,26.59,33.97,22.04,60.08,SUSPICIOUS,LIMITED
20.84,6,93.09,84.69,96.39,29.53,HIGH_RISK,DENY
87.84,0,3.14,4.15,6.07,86.72,NORMAL,ALLOW
42.01,4,25.59,41.76,41.67,60.45,SUSPICIOUS,LIMITED
96.11,0,3.01,1.53,3.26,82.89,NORMAL,ALLOW
96.88,1,2.74,4.14,3.11,95.48,NORMAL,ALLOW
91.72,0,2.79,2.06,6.89,92.35,NORMAL,ALLOW
95.19,0,6.85,0.54,1.93,89.52,NORMAL,ALLOW
24.75,7,81.5,78.02,60.31,0.8,HIGH_RISK,DENY
83.18,0,5.8,1.59,10.11,86.34,NORMAL,ALLOW
51.35,2,20.73,65.09,27.53,72.0,SUSPICIOUS,LIMITED
41.9,4,34.85,23.71,35.13,51.88,SUSPICIOUS,LIMITED
89.24,0,2.6,11.67,3.8,93.54,NORMAL,ALLOW
55.19,3,34.1,38.26,58.3,59.29,SUSPICIOUS,LIMITED
93.72,0,3.65,2.09,3.53,87.5,NORMAL,ALLOW
91.72,0,3.18,4.29,1.97,90.27,NORMAL,ALLOW
12.55,6,79.36,86.95,77.57,17.47,HIGH_RISK,DENY
11.4,9,119.32,82.32,71.77,23.97,HIGH_RISK,DENY
11.45,10,98.04,86.98,74.27,24.2,HIGH_RISK,DENY
72.0,4,24.16,55.0,57.94,58.78,SUSPICIOUS,LIMITED
91.21,0,5.86,1.51,0.68,88.33,NORMAL,ALLOW
57.16,4,33.92,61.92,38.38,61.21,SUSPICIOUS,LIMITED
15.73,9,69.05,85.74,67.34,10.22,HIGH_RISK,DENY
7.3,9,61.12,93.94,76.07,23.83,HIGH_RISK,DENY
55.75,4,14.0,59.93,32.34,59.81,SUSPICIOUS,LIMITED
92.55,0,5.32,6.91,1.02,97.36,NORMAL,ALLOW
14.74,7,91.57,91.25,84.23,26.91,HIGH_RISK,DENY
92.41,0,5.47,0.85,6.03,92.79,NORMAL,ALLOW
19.12,6,101.62,69.5,64.11,13.28,HIGH_RISK,DENY
93.0,0,5.86,1.03,0.04,92.23,NORMAL,ALLOW
27.93,10,72.5,90.39,66.97,37.62,HIGH_RISK,DENY
38.0,2,21.98,58.72,43.11,66.57,SUSPICIOUS,LIMITED
68.13,3,36.74,28.56,31.74,48.86,SUSPICIOUS,LIMITED
49.26,2,29.75,44.35,45.99,68.42,SUSPICIOUS,LIMITED
94.86,0,4.23,3.55,0.33,95.7,NORMAL,ALLOW
10.72,7,76.88,83.55,66.75,30.95,HIGH_RISK,DENY
99.66,0,3.18,7.16,1.06,92.17,NORMAL,ALLOW
60.56,6,26.12,51.89,40.43,72.0,SUSPICIOUS,LIMITED
50.59,5,28.12,68.0,66.22,65.93,SUSPICIOUS,LIMITED
66.26,5,28.56,40.41,51.05,52.83,SUSPICIOUS,LIMITED
26.54,8,93.82,79.59,90.62,32.27,HIGH_RISK,DENY
62.57,2,23.34,50.58,53.24,54.65,SUSPICIOUS,LIMITED
55.01,3,21.05,34.26,50.82,55.56,SUSPICIOUS,LIMITED
50.71,5,26.78,37.86,55.22,69.84,SUSPICIOUS,LIMITED
53.3,5,24.49,36.21,18.0,62.0,SUSPICIOUS,LIMITED
45.62,6,27.65,48.9,30.97,54.72,SUSPICIOUS,LIMITED
24.64,9,96.16,90.31,81.64,10.41,HIGH_RISK,DENY
93.54,0,1.0,1.94,0.51,86.72,NORMAL,ALLOW
52.65,3,27.3,53.14,31.1,53.53,SUSPICIOUS,LIMITED
95.54,1,8.26,1.76,3.63,92.94,NORMAL,ALLOW
88.04,0,8.96,6.88,0.0,97.73,NORMAL,ALLOW
72.0,2,29.99,55.7,56.03,59.34,SUSPICIOUS,LIMITED
95.16,0,2.54,0.62,4.25,91.74,NORMAL,ALLOW
6.63,12,75.19,85.9,80.89,28.52,HIGH_RISK,DENY
64.55,3,25.31,49.43,18.0,62.48,SUSPICIOUS,LIMITED
54.7,2,31.39,47.35,53.65,64.96,SUSPICIOUS,LIMITED
62.5,6,24.34,43.96,49.65,53.11,SUSPICIOUS,LIMITED
43.24,4,22.77,28.4,43.55,52.17,SUSPICIOUS,LIMITED
93.55,0,5.22,9.93,1.26,93.05,NORMAL,ALLOW
25.21,6,90.31,88.6,87.89,31.95,HIGH_RISK,DENY
57.28,3,14.0,41.93,52.3,53.34,SUSPICIOUS,LIMITED
90.93,0,3.74,10.89,6.45,76.15,NORMAL,ALLOW
57.61,2,40.9,53.64,37.26,54.13,SUSPICIOUS,LIMITED
24.25,10,64.43,84.82,77.4,13.1,HIGH_RISK,DENY
84.48,0,4.27,1.46,7.33,93.99,NORMAL,ALLOW
17.96,10,90.88,81.32,81.54,23.0,HIGH_RISK,DENY
100.0,0,7.71,0.7,5.01,93.12,NORMAL,ALLOW
44.18,2,23.88,45.53,26.64,61.39,SUSPICIOUS,LIMITED
91.88,0,6.52,5.24,7.95,94.69,NORMAL,ALLOW
8.47,7,102.55,88.2,80.1,15.43,HIGH_RISK,DENY
23.11,9,102.78,84.85,89.49,22.37,HIGH_RISK,DENY
62.31,4,27.99,35.01,43.07,56.11,SUSPICIOUS,LIMITED
25.3,6,87.46,74.23,70.85,18.23,HIGH_RISK,DENY
91.73,0,4.62,1.51,8.22,84.0,NORMAL,ALLOW
58.27,3,14.0,49.08,43.95,55.94,SUSPICIOUS,LIMITED
55.07,2,41.04,50.39,55.07,54.96,SUSPICIOUS,LIMITED
13.11,9,98.79,78.69,66.86,18.65,HIGH_RISK,DENY
72.0,6,15.29,48.13,29.83,54.13,SUSPICIOUS,LIMITED
97.03,0,4.99,4.59,10.78,85.64,NORMAL,ALLOW
52.58,4,20.52,44.2,39.1,72.0,SUSPICIOUS,LIMITED
18.14,6,99.02,70.25,97.64,13.46,HIGH_RISK,DENY
12.15,7,84.72,88.9,92.48,19.15,HIGH_RISK,DENY
22.44,11,68.01,86.59,78.5,36.15,HIGH_RISK,DENY
22.78,11,72.58,80.06,67.8,33.96,HIGH_RISK,DENY
14.75,8,86.37,85.45,79.46,3.53,HIGH_RISK,DENY
89.42,0,4.55,9.31,2.54,82.73,NORMAL,ALLOW
96.17,0,4.34,4.46,1.56,91.54,NORMAL,ALLOW
15.61,11,91.02,90.75,85.65,28.54,HIGH_RISK,DENY
0.0,10,95.34,72.44,88.5,17.63,HIGH_RISK,DENY
91.65,0,10.77,6.64,0.17,95.97,NORMAL,ALLOW
18.62,12,78.11,71.58,77.65,21.53,HIGH_RISK,DENY
13.82,6,76.11,85.09,86.75,28.85,HIGH_RISK,DENY
13.03,15,61.22,97.29,72.56,20.75,HIGH_RISK,DENY
91.81,0,6.26,1.9,1.46,82.9,NORMAL,ALLOW
89.69,0,4.86,0.98,0.02,92.08,NORMAL,ALLOW
0.0,14,71.38,77.19,72.02,18.69,HIGH_RISK,DENY
22.98,11,54.35,80.55,63.13,17.74,HIGH_RISK,DENY
84.99,1,5.31,9.66,3.82,86.03,NORMAL,ALLOW
53.51,6,37.33,36.49,42.07,38.0,SUSPICIOUS,LIMITED
13.98,11,49.9,94.93,60.98,22.96,HIGH_RISK,DENY
14.66,6,100.75,86.83,90.47,18.81,HIGH_RISK,DENY
94.41,0,8.68,1.17,3.38,88.71,NORMAL,ALLOW
86.66,0,9.45,0.35,5.66,83.55,NORMAL,ALLOW
55.68,4,28.64,36.87,50.85,59.2,SUSPICIOUS,LIMITED
60.05,5,16.05,50.0,68.65,62.21,SUSPICIOUS,LIMITED
52.87,3,32.05,35.76,62.48,39.41,SUSPICIOUS,LIMITED
15.96,10,88.66,92.79,75.42,20.94,HIGH_RISK,DENY
91.05,0,2.84,18.0,2.75,93.16,NORMAL,ALLOW
63.47,4,35.64,33.52,36.71,63.27,SUSPICIOUS,LIMITED
85.93,0,4.64,3.79,4.95,84.77,NORMAL,ALLOW
93.22,2,6.57,3.26,1.35,95.61,NORMAL,ALLOW
28.17,17,106.51,73.41,70.87,1.27,HIGH_RISK,DENY
14.86,9,119.24,84.22,72.55,23.39,HIGH_RISK,DENY
93.9,2,6.89,2.08,0.46,91.08,NORMAL,ALLOW
23.47,10,73.4,81.85,64.57,14.17,HIGH_RISK,DENY
95.15,0,2.31,1.45,0.27,87.19,NORMAL,ALLOW
65.56,4,22.23,49.9,47.08,56.33,SUSPICIOUS,LIMITED
15.92,7,91.03,76.0,68.58,29.28,HIGH_RISK,DENY
95.05,1,8.2,4.61,0.96,93.26,NORMAL,ALLOW
54.75,6,36.32,43.4,23.03,58.7,SUSPICIOUS,LIMITED
10.67,6,79.29,68.39,66.29,25.36,HIGH_RISK,DENY
58.02,2,25.29,29.19,46.76,60.3,SUSPICIOUS,LIMITED
88.44,0,2.98,7.59,1.09,94.5,NORMAL,ALLOW
47.31,4,24.9,44.69,44.18,64.93,SUSPICIOUS,LIMITED
100.0,0,5.0,0.82,0.03,90.61,NORMAL,ALLOW
46.46,3,32.33,57.33,41.33,70.44,SUSPICIOUS,LIMITED
54.25,2,35.7,45.84,47.47,56.46,SUSPICIOUS,LIMITED
53.04,3,18.55,41.5,47.66,64.4,SUSPICIOUS,LIMITED
86.7,0,6.61,10.66,0.5,93.21,NORMAL,ALLOW
11.77,6,93.08,80.99,75.86,15.93,HIGH_RISK,DENY
16.15,8,120.99,73.14,86.88,9.62,HIGH_RISK,DENY
87.96,0,2.57,4.47,5.84,97.94,NORMAL,ALLOW
96.36,0,7.95,1.77,3.55,90.9,NORMAL,ALLOW
98.65,0,2.47,0.57,6.59,87.99,NORMAL,ALLOW
95.37,0,6.54,7.31,1.26,89.46,NORMAL,ALLOW
54.47,3,38.31,34.23,43.76,60.08,SUSPICIOUS,LIMITED
8.93,8,107.16,80.0,100.0,16.12,HIGH_RISK,DENY
9.75,6,62.11,82.38,94.04,10.07,HIGH_RISK,DENY
46.19,6,27.87,48.68,56.56,56.43,SUSPICIOUS,LIMITED
90.96,0,6.35,2.51,3.53,88.79,NORMAL,ALLOW
61.43,3,26.8,34.02,59.82,41.04,SUSPICIOUS,LIMITED
46.27,2,29.48,41.18,18.0,61.43,SUSPICIOUS,LIMITED
94.07,0,1.0,1.68,2.57,86.01,NORMAL,ALLOW
9.19,11,110.04,86.64,73.53,22.2,HIGH_RISK,DENY
95.04,0,9.43,7.15,0.72,84.52,NORMAL,ALLOW
10.05,13,97.09,80.83,63.72,12.16,HIGH_RISK,DENY
24.09,15,66.45,99.28,98.28,11.09,HIGH_RISK,DENY
15.85,14,90.51,82.13,87.55,26.03,HIGH_RISK,DENY
20.94,8,105.05,76.96,86.44,18.81,HIGH_RISK,DENY
99.05,0,1.0,3.93,11.38,90.32,NORMAL,ALLOW
11.15,12,102.66,92.61,86.93,18.09,HIGH_RISK,DENY
72.0,4,27.13,46.46,50.4,68.7,SUSPICIOUS,LIMITED
64.69,2,22.87,43.59,25.29,57.76,SUSPICIOUS,LIMITED
87.46,0,1.03,0.62,1.84,96.2,NORMAL,ALLOW
47.03,3,32.62,48.98,39.75,72.0,SUSPICIOUS,LIMITED
63.34,2,18.09,68.0,50.04,60.82,SUSPICIOUS,LIMITED
23.2,11,76.02,77.86,65.96,24.87,HIGH_RISK,DENY
44.08,2,25.03,41.02,38.62,60.68,SUSPICIOUS,LIMITED
54.58,6,26.49,24.01,67.66,61.4,SUSPICIOUS,LIMITED
68.55,2,36.19,43.03,38.55,51.42,SUSPICIOUS,LIMITED
24.45,6,93.23,90.78,84.2,15.14,HIGH_RISK,DENY
20.76,12,105.9,82.37,81.65,13.42,HIGH_RISK,DENY
52.48,2,33.69,38.01,43.13,44.41,SUSPICIOUS,LIMITED
27.47,10,86.11,77.64,50.12,24.49,HIGH_RISK,DENY
94.6,0,1.48,0.63,0.48,88.05,NORMAL,ALLOW
17.68,11,80.51,76.87,65.84,19.19,HIGH_RISK,DENY
11.32,12,72.24,90.06,100.0,23.51,HIGH_RISK,DENY
43.43,3,25.59,55.87,47.39,64.91,SUSPICIOUS,LIMITED
89.64,0,5.96,2.79,0.68,97.04,NORMAL,ALLOW
99.52,0,4.61,8.85,3.12,92.31,NORMAL,ALLOW
70.68,2,32.34,38.73,60.39,69.06,SUSPICIOUS,LIMITED
53.68,5,35.72,46.58,43.76,59.86,SUSPICIOUS,LIMITED
44.85,5,44.63,44.61,43.88,38.0,SUSPICIOUS,LIMITED
20.15,15,61.47,95.79,89.39,19.36,HIGH_RISK,DENY
24.98,10,89.28,76.63,70.56,12.09,HIGH_RISK,DENY
54.2,4,21.97,43.41,43.34,62.77,SUSPICIOUS,LIMITED
89.49,0,4.53,1.0,4.34,100.0,NORMAL,ALLOW
12.68,9,74.36,97.03,72.13,38.0,HIGH_RISK,DENY
78.75,0,6.5,0.46,11.27,96.14,NORMAL,ALLOW
48.4,5,25.96,61.27,22.68,68.72,SUSPICIOUS,LIMITED
92.5,2,1.04,3.2,5.31,90.93,NORMAL,ALLOW
62.05,2,17.76,36.84,21.18,60.56,SUSPICIOUS,LIMITED
60.03,5,31.26,28.73,55.31,66.59,SUSPICIOUS,LIMITED
94.54,0,1.56,0.41,0.83,89.26,NORMAL,ALLOW
7.31,11,84.84,83.26,73.31,21.8,HIGH_RISK,DENY
89.04,0,2.49,2.1,0.13,88.5,NORMAL,ALLOW
89.37,0,6.03,6.55,1.24,95.61,NORMAL,ALLOW
48.72,2,34.25,65.42,34.62,72.0,SUSPICIOUS,LIMITED
42.94,3,24.66,33.88,56.1,62.56,SUSPICIOUS,LIMITED
87.18,0,6.94,0.12,1.04,85.02,NORMAL,ALLOW
99.62,0,1.2,4.45,1.08,100.0,NORMAL,ALLOW
60.17,4,27.9,42.15,30.34,64.66,SUSPICIOUS,LIMITED
23.85,8,96.24,93.43,72.77,18.73,HIGH_RISK,DENY
23.66,12,87.96,88.82,89.33,18.96,HIGH_RISK,DENY
61.62,3,21.14,47.8,36.58,42.27,SUSPICIOUS,LIMITED
54.37,4,23.36,43.18,30.72,60.9,SUSPICIOUS,LIMITED
94.31,0,4.7,2.45,5.77,95.13,NORMAL,ALLOW
96.41,1,2.61,6.96,2.25,83.58,NORMAL,ALLOW
51.69,3,21.72,42.61,28.27,47.67,SUSPICIOUS,LIMITED
90.2,0,4.49,1.82,2.63,92.16,NORMAL,ALLOW
20.69,10,85.74,86.41,73.23,14.65,HIGH_RISK,DENY
12.06,6,77.73,89.13,72.76,10.85,HIGH_RISK,DENY
57.12,2,20.01,58.93,54.07,67.11,SUSPICIOUS,LIMITED
21.18,6,91.94,95.3,80.69,16.1,HIGH_RISK,DENY
19.77,6,107.9,78.01,77.22,10.4,HIGH_RISK,DENY
59.5,6,28.93,38.15,39.28,54.97,SUSPICIOUS,LIMITED
97.71,0,4.76,0.12,1.45,96.28,NORMAL,ALLOW
52.5,5,25.56,41.33,45.87,65.42,SUSPICIOUS,LIMITED
18.53,14,95.43,88.05,84.68,13.05,HIGH_RISK,DENY
95.31,0,4.7,6.94,5.14,87.29,NORMAL,ALLOW
6.27,9,96.74,85.32,76.2,22.46,HIGH_RISK,DENY
18.38,6,97.68,80.87,84.52,28.46,HIGH_RISK,DENY
16.0,10,81.71,87.28,73.86,16.25,HIGH_RISK,DENY
21.92,6,68.65,84.39,85.02,9.6,HIGH_RISK,DENY
42.39,2,19.15,43.81,25.85,50.93,SUSPICIOUS,LIMITED
55.92,4,14.0,57.5,46.96,46.75,SUSPICIOUS,LIMITED
12.07,8,75.13,82.79,71.03,17.91,HIGH_RISK,DENY
91.9,0,5.72,3.03,9.35,90.84,NORMAL,ALLOW
63.59,3,31.8,58.22,32.63,52.26,SUSPICIOUS,LIMITED
62.18,5,32.18,57.97,32.38,72.0,SUSPICIOUS,LIMITED
23.18,6,72.35,90.4,64.93,20.51,HIGH_RISK,DENY
80.94,0,2.02,2.77,6.01,98.27,NORMAL,ALLOW
59.14,5,30.64,43.99,37.25,59.18,SUSPICIOUS,LIMITED
16.12,16,111.38,87.95,98.79,7.06,HIGH_RISK,DENY
18.2,8,85.83,82.09,69.94,12.35,HIGH_RISK,DENY
55.12,3,31.06,47.62,46.48,72.0,SUSPICIOUS,LIMITED
55.06,3,34.24,37.17,52.92,59.23,SUSPICIOUS,LIMITED
93.91,1,3.95,2.82,0.82,86.01,NORMAL,ALLOW
16.07,8,85.63,90.61,73.0,17.2,HIGH_RISK,DENY
92.65,0,3.2,13.99,2.36,100.0,NORMAL,ALLOW
97.47,0,5.6,1.97,12.53,85.63,NORMAL,ALLOW
62.95,3,39.16,42.76,43.79,68.32,SUSPICIOUS,LIMITED
91.24,0,5.2,6.55,1.42,89.17,NORMAL,ALLOW
11.78,13,95.26,86.55,83.64,17.99,HIGH_RISK,DENY
87.86,0,3.88,10.79,1.42,95.46,NORMAL,ALLOW
48.1,2,26.58,45.18,57.01,52.94,SUSPICIOUS,LIMITED
63.34,2,18.17,43.05,63.48,50.09,SUSPICIOUS,LIMITED
98.78,0,8.91,3.38,4.59,93.12,NORMAL,ALLOW
16.22,10,78.53,90.04,90.3,18.16,HIGH_RISK,DENY
96.1,1,5.77,1.08,12.28,97.46,NORMAL,ALLOW
59.47,3,35.76,42.55,52.08,58.79,SUSPICIOUS,LIMITED
47.11,4,34.0,37.86,65.9,59.28,SUSPICIOUS,LIMITED
65.13,2,31.25,48.94,47.43,62.2,SUSPICIOUS,LIMITED
88.35,0,4.42,3.63,5.85,90.27,NORMAL,ALLOW
94.81,0,8.13,3.45,7.68,96.84,NORMAL,ALLOW
9.59,11,96.42,89.89,73.78,24.34,HIGH_RISK,DENY
38.0,5,25.91,43.82,39.24,61.74,SUSPICIOUS,LIMITED
54.27,3,23.65,34.97,36.79,51.59,SUSPICIOUS,LIMITED
29.37,11,61.28,76.34,63.1,27.43,HIGH_RISK,DENY
49.31,5,38.5,42.37,58.64,72.0,SUSPICIOUS,LIMITED
99.75,0,5.18,0.21,1.7,91.12,NORMAL,ALLOW
64.94,5,21.35,56.3,45.5,40.87,SUSPICIOUS,LIMITED
100.0,0,2.55,0.16,6.47,97.52,NORMAL,ALLOW
55.09,3,17.0,52.82,18.98,53.86,SUSPICIOUS,LIMITED
11.72,12,91.83,94.33,60.8,19.78,HIGH_RISK,DENY
43.99,5,26.5,42.75,45.29,72.0,SUSPICIOUS,LIMITED
61.01,2,33.87,56.31,35.84,59.71,SUSPICIOUS,LIMITED
19.11,15,97.84,85.57,67.35,34.28,HIGH_RISK,DENY
85.24,0,7.02,3.44,0.15,91.93,NORMAL,ALLOW
90.83,1,5.62,2.66,9.13,94.57,NORMAL,ALLOW
48.26,4,34.36,50.81,52.44,72.0,SUSPICIOUS,LIMITED
93.43,0,6.12,1.13,9.52,95.75,NORMAL,ALLOW
90.46,0,7.38,0.8,1.28,85.92,NORMAL,ALLOW
11.02,10,74.15,86.54,78.33,20.25,HIGH_RISK,DENY
87.48,0,5.93,0.43,0.11,96.64,NORMAL,ALLOW
96.12,0,4.5,2.35,0.06,92.04,NORMAL,ALLOW
95.57,0,1.0,7.2,0.17,100.0,NORMAL,ALLOW
59.98,6,18.35,62.71,47.8,47.04,SUSPICIOUS,LIMITED
64.18,2,32.69,49.38,50.02,66.92,SUSPICIOUS,LIMITED
100.0,0,6.95,0.69,5.86,87.74,NORMAL,ALLOW
51.35,4,19.92,36.21,56.67,53.17,SUSPICIOUS,LIMITED
10.31,7,84.28,87.02,83.03,11.31,HIGH_RISK,DENY
17.38,16,100.45,72.22,82.57,6.04,HIGH_RISK,DENY
7.63,9,93.48,93.09,78.32,10.3,HIGH_RISK,DENY
62.79,3,34.9,46.71,28.21,59.46,SUSPICIOUS,LIMITED
85.78,0,3.57,7.12,4.36,91.26,NORMAL,ALLOW
15.84,9,73.44,86.22,93.56,12.12,HIGH_RISK,DENY
93.73,1,6.03,1.96,0.03,95.82,NORMAL,ALLOW
48.63,2,18.01,54.42,37.82,65.71,SUSPICIOUS,LIMITED
16.15,9,71.37,82.24,87.92,20.27,HIGH_RISK,DENY
87.11,2,1.0,0.25,1.9,92.23,NORMAL,ALLOW
57.18,6,30.19,50.06,51.34,62.47,SUSPICIOUS,LIMITED
57.58,3,21.94,50.14,31.77,53.2,SUSPICIOUS,LIMITED
29.71,6,56.6,90.04,87.68,19.83,HIGH_RISK,DENY
84.88,0,6.97,2.46,15.0,96.71,NORMAL,ALLOW
11.24,6,59.59,80.49,57.54,13.63,HIGH_RISK,DENY
86.04,0,6.37,1.69,1.74,95.71,NORMAL,ALLOW
84.42,0,1.91,0.32,1.84,98.01,NORMAL,ALLOW
92.14,0,6.66,18.0,0.09,88.12,NORMAL,ALLOW
21.75,7,93.23,77.15,74.57,9.85,HIGH_RISK,DENY
5.76,6,86.28,80.87,62.23,32.65,HIGH_RISK,DENY
85.48,1,3.49,7.14,11.35,91.21,NORMAL,ALLOW
18.06,6,70.62,76.92,90.13,17.56,HIGH_RISK,DENY
87.25,0,3.44,3.11,0.99,94.18,NORMAL,ALLOW
88.5,0,8.44,3.18,9.28,93.39,NORMAL,ALLOW
18.94,10,83.86,83.55,87.85,20.73,HIGH_RISK,DENY
28.85,7,106.48,79.62,88.2,18.64,HIGH_RISK,DENY
97.49,0,2.64,3.3,0.46,87.25,NORMAL,ALLOW
93.86,1,6.96,0.99,0.65,94.24,NORMAL,ALLOW
53.94,2,31.13,29.42,32.82,60.82,SUSPICIOUS,LIMITED
45.17,2,39.33,41.92,36.68,48.36,SUSPICIOUS,LIMITED
98.39,0,6.37,2.58,1.3,99.36,NORMAL,ALLOW
94.94,0,5.43,1.59,1.5,89.64,NORMAL,ALLOW
94.97,0,3.67,4.84,3.28,86.11,NORMAL,ALLOW
94.74,0,7.29,0.7,0.59,86.81,NORMAL,ALLOW
26.59,12,99.85,91.94,73.92,11.45,HIGH_RISK,DENY
84.97,0,4.35,3.62,3.71,88.58,NORMAL,ALLOW
24.53,7,91.43,83.73,78.9,17.27,HIGH_RISK,DENY
38.0,2,18.08,41.28,36.49,60.82,SUSPICIOUS,LIMITED
95.23,0,5.73,2.11,0.23,100.0,NORMAL,ALLOW
65.12,4,36.78,35.42,53.25,38.0,SUSPICIOUS,LIMITED
12.13,13,94.7,83.75,71.5,22.03,HIGH_RISK,DENY
57.66,6,23.88,28.06,28.53,59.94,SUSPICIOUS,LIMITED
11.71,8,83.44,78.18,80.32,18.05,HIGH_RISK,DENY
92.64,0,5.43,5.31,2.1,90.63,NORMAL,ALLOW
82.43,0,5.05,3.32,4.81,94.93,NORMAL,ALLOW
88.35,0,6.22,3.24,2.24,94.12,NORMAL,ALLOW
98.28,0,6.87,3.55,9.71,97.2,NORMAL,ALLOW
24.1,12,76.11,90.0,78.09,19.03,HIGH_RISK,DENY
89.12,0,7.31,10.9,0.66,87.89,NORMAL,ALLOW
16.48,15,64.24,77.79,76.55,37.69,HIGH_RISK,DENY
94.57,0,3.54,0.07,8.49,90.47,NORMAL,ALLOW
18.07,6,104.57,91.19,92.73,16.56,HIGH_RISK,DENY
17.91,7,82.81,100.0,87.72,11.68,HIGH_RISK,DENY
13.43,10,75.61,66.29,67.91,14.68,HIGH_RISK,DENY
53.17,2,27.13,49.94,58.65,48.55,SUSPICIOUS,LIMITED
50.6,3,25.67,32.88,18.0,70.81,SUSPICIOUS,LIMITED
47.62,2,29.33,47.13,31.42,39.18,SUSPICIOUS,LIMITED
81.38,0,4.49,4.45,4.28,88.67,NORMAL,ALLOW
16.35,10,124.29,79.11,83.5,7.95,HIGH_RISK,DENY
21.02,10,96.75,86.62,81.39,19.5,HIGH_RISK,DENY
44.26,3,28.53,44.56,47.65,72.0,SUSPICIOUS,LIMITED
22.02,9,76.07,81.23,68.31,18.98,HIGH_RISK,DENY
97.84,1,5.02,7.57,2.58,85.55,NORMAL,ALLOW
95.43,0,6.45,2.25,1.85,94.11,NORMAL,ALLOW
51.01,2,42.06,56.99,35.45,60.6,SUSPICIOUS,LIMITED
18.1,9,68.53,89.61,82.57,24.93,HIGH_RISK,DENY
89.65,0,5.47,8.0,1.53,88.96,NORMAL,ALLOW
58.9,4,37.97,45.12,47.03,62.97,SUSPICIOUS,LIMITED
95.41,0,3.09,3.8,4.48,96.76,NORMAL,ALLOW
95.43,0,4.01,3.5,4.14,88.46,NORMAL,ALLOW
63.0,6,23.96,47.86,70.0,48.68,SUSPICIOUS,LIMITED
94.02,0,5.01,9.56,1.13,93.43,NORMAL,ALLOW
22.75,9,99.28,85.96,83.39,16.94,HIGH_RISK,DENY
83.96,0,7.42,6.47,3.41,93.74,NORMAL,ALLOW
87.45,0,2.52,2.86,2.39,97.38,NORMAL,ALLOW
4.24,13,90.27,86.04,71.59,30.72,HIGH_RISK,DENY
12.67,6,78.89,80.67,82.13,4.53,HIGH_RISK,DENY
59.52,6,33.75,39.51,49.09,65.53,SUSPICIOUS,LIMITED
5.94,9,77.98,94.9,73.74,23.14,HIGH_RISK,DENY
24.56,6,79.42,93.29,98.32,21.11,HIGH_RISK,DENY
46.87,3,21.65,28.11,53.54,54.84,SUSPICIOUS,LIMITED
93.51,0,4.27,2.03,3.79,87.21,NORMAL,ALLOW
48.52,5,18.82,40.91,43.09,65.75,SUSPICIOUS,LIMITED
47.33,4,26.45,54.92,45.53,72.0,SUSPICIOUS,LIMITED
17.83,8,89.99,73.84,57.06,11.08,HIGH_RISK,DENY
20.65,13,89.23,95.21,68.2,25.96,HIGH_RISK,DENY
15.04,10,125.17,79.98,80.43,28.66,HIGH_RISK,DENY
59.49,2,21.81,52.92,64.79,61.97,SUSPICIOUS,LIMITED
26.64,7,57.4,82.97,78.96,33.12,HIGH_RISK,DENY
90.29,0,6.1,0.36,6.11,97.61,NORMAL,ALLOW
51.11,6,28.42,30.89,59.2,60.51,SUSPICIOUS,LIMITED
28.02,6,83.0,93.52,80.7,21.7,HIGH_RISK,DENY
89.61,0,2.08,11.67,0.86,97.6,NORMAL,ALLOW
54.23,3,29.23,47.66,49.93,72.0,SUSPICIOUS,LIMITED
94.95,0,2.78,1.52,1.76,97.96,NORMAL,ALLOW
56.42,6,23.66,36.67,34.6,43.67,SUSPICIOUS,LIMITED
54.16,2,14.0,53.94,50.35,64.45,SUSPICIOUS,LIMITED
9.79,6,105.15,91.27,78.91,17.62,HIGH_RISK,DENY
95.26,0,3.36,8.64,4.86,86.6,NORMAL,ALLOW
13.93,7,93.62,88.44,88.83,14.87,HIGH_RISK,DENY
20.14,6,117.35,86.85,72.71,0.0,HIGH_RISK,DENY
96.69,0,2.1,3.66,1.22,85.49,NORMAL,ALLOW
0.2,15,82.9,73.0,62.7,14.57,HIGH_RISK,DENY
10.04,11,94.1,88.86,50.0,30.05,HIGH_RISK,DENY
16.56,13,92.26,87.53,71.96,19.95,HIGH_RISK,DENY
23.48,8,73.92,86.37,76.45,13.73,HIGH_RISK,DENY
20.24,13,78.98,83.9,95.83,13.08,HIGH_RISK,DENY
92.05,0,5.43,0.22,5.89,90.85,NORMAL,ALLOW
99.69,1,4.45,1.35,0.61,92.5,NORMAL,ALLOW
49.11,5,23.83,30.34,48.58,72.0,SUSPICIOUS,LIMITED
48.02,2,34.51,50.76,47.32,54.65,SUSPICIOUS,LIMITED
97.9,0,4.58,11.16,1.65,92.08,NORMAL,ALLOW
100.0,0,7.72,5.02,0.99,94.52,NORMAL,ALLOW
2.27,10,79.64,80.45,91.91,25.28,HIGH_RISK,DENY
71.17,4,27.41,55.24,66.53,68.88,SUSPICIOUS,LIMITED
96.63,0,6.72,15.14,2.88,85.3,NORMAL,ALLOW
4.95,7,109.32,73.33,66.51,21.61,HIGH_RISK,DENY
19.22,12,56.87,82.05,69.5,24.05,HIGH_RISK,DENY
19.76,7,74.09,80.95,78.1,8.4,HIGH_RISK,DENY
23.19,9,111.57,93.17,62.26,28.15,HIGH_RISK,DENY
14.4,12,77.07,84.09,76.02,28.7,HIGH_RISK,DENY
59.66,5,16.52,44.29,39.44,51.81,SUSPICIOUS,LIMITED
58.42,5,24.29,48.47,44.28,48.64,SUSPICIOUS,LIMITED
87.31,0,6.66,6.8,0.35,87.08,NORMAL,ALLOW
83.49,0,3.13,11.29,1.09,92.41,NORMAL,ALLOW
19.7,7,76.09,85.43,56.73,20.37,HIGH_RISK,DENY
83.86,0,5.51,5.8,2.09,86.86,NORMAL,ALLOW
44.14,2,30.92,41.51,24.87,59.66,SUSPICIOUS,LIMITED
98.03,0,5.74,0.3,2.72,89.95,NORMAL,ALLOW
92.92,0,7.51,15.33,0.65,89.97,NORMAL,ALLOW
44.93,3,20.64,46.59,28.24,63.72,SUSPICIOUS,LIMITED
18.91,8,98.18,84.58,85.66,18.65,HIGH_RISK,DENY
19.71,11,132.57,87.4,66.84,15.23,HIGH_RISK,DENY
93.71,0,4.3,6.12,2.73,95.36,NORMAL,ALLOW
92.29,0,7.1,1.13,1.69,88.25,NORMAL,ALLOW
61.71,2,30.37,46.17,66.44,38.77,SUSPICIOUS,LIMITED
92.36,0,4.21,4.55,2.37,87.3,NORMAL,ALLOW
95.76,1,11.84,0.07,3.22,91.95,NORMAL,ALLOW
26.43,14,93.85,91.73,86.29,6.06,HIGH_RISK,DENY
83.21,0,5.58,6.19,0.73,84.02,NORMAL,ALLOW
52.37,4,25.4,56.86,54.45,53.69,SUSPICIOUS,LIMITED
94.57,0,6.56,0.23,15.0,95.92,NORMAL,ALLOW
99.4,0,2.47,0.68,0.16,91.82,NORMAL,ALLOW
49.45,3,19.57,47.1,57.4,49.53,SUSPICIOUS,LIMITED
21.58,9,76.0,93.46,68.29,8.16,HIGH_RISK,DENY
93.36,1,5.62,0.36,1.74,88.17,NORMAL,ALLOW
22.96,12,102.66,79.94,71.73,23.55,HIGH_RISK,DENY
49.0,2,29.29,35.51,44.15,72.0,SUSPICIOUS,LIMITED
53.79,2,35.07,25.14,59.06,72.0,SUSPICIOUS,LIMITED
0.0,12,116.62,71.37,65.97,6.42,HIGH_RISK,DENY
57.6,2,26.73,50.17,45.95,65.05,SUSPICIOUS,LIMITED
10.65,7,71.6,94.52,60.93,24.14,HIGH_RISK,DENY
89.41,0,4.1,0.77,5.87,95.31,NORMAL,ALLOW
14.33,7,76.49,81.87,98.66,3.09,HIGH_RISK,DENY
21.24,7,82.45,85.62,93.02,27.35,HIGH_RISK,DENY
99.33,0,5.59,1.28,3.26,87.5,NORMAL,ALLOW
52.43,3,29.96,39.39,37.8,54.85,SUSPICIOUS,LIMITED
67.39,4,21.53,46.64,64.87,59.1,SUSPICIOUS,LIMITED
62.81,6,27.48,48.64,38.01,55.59,SUSPICIOUS,LIMITED
23.21,11,88.92,66.62,62.56,12.39,HIGH_RISK,DENY
58.86,4,23.3,50.31,43.29,61.52,SUSPICIOUS,LIMITED
88.74,0,6.37,11.35,1.87,92.17,NORMAL,ALLOW
8.85,9,54.31,97.28,73.09,12.25,HIGH_RISK,DENY
97.22,0,6.38,0.78,1.16,100.0,NORMAL,ALLOW
52.64,6,25.8,42.81,19.01,67.22,SUSPICIOUS,LIMITED
100.0,1,5.59,5.97,1.27,94.5,NORMAL,ALLOW
15.92,16,70.88,88.31,90.6,25.27,HIGH_RISK,DENY
94.92,0,5.57,3.66,11.06,93.36,NORMAL,ALLOW
4.53,8,92.5,86.8,95.57,16.66,HIGH_RISK,DENY
63.79,5,23.73,39.41,48.13,38.0,SUSPICIOUS,LIMITED
12.48,11,61.53,84.79,79.32,8.75,HIGH_RISK,DENY
17.85,6,69.45,82.47,79.35,13.58,HIGH_RISK,DENY
8.38,17,91.45,71.78,80.97,11.61,HIGH_RISK,DENY
19.33,10,87.54,83.55,80.92,35.1,HIGH_RISK,DENY
46.63,2,25.76,42.26,31.67,50.08,SUSPICIOUS,LIMITED
24.28,9,96.65,99.17,98.76,17.67,HIGH_RISK,DENY
89.23,2,8.56,2.71,0.21,82.44,NORMAL,ALLOW
14.52,17,103.0,86.14,50.0,36.06,HIGH_RISK,DENY
92.46,0,7.87,1.83,0.86,98.34,NORMAL,ALLOW
29.33,7,73.65,79.22,95.08,26.95,HIGH_RISK,DENY
54.86,5,27.64,48.78,44.87,48.75,SUSPICIOUS,LIMITED
85.2,0,4.91,1.02,0.43,97.13,NORMAL,ALLOW
71.85,6,29.03,36.89,46.66,64.49,SUSPICIOUS,LIMITED
16.4,7,65.43,93.02,86.31,21.73,HIGH_RISK,DENY
23.81,10,87.53,79.69,90.11,11.37,HIGH_RISK,DENY
87.8,0,3.22,5.21,1.19,84.51,NORMAL,ALLOW
88.54,2,3.06,3.38,3.9,93.05,NORMAL,ALLOW
56.11,2,14.0,43.4,36.72,64.1,SUSPICIOUS,LIMITED
15.11,20,65.66,81.04,90.25,26.79,HIGH_RISK,DENY
97.52,0,7.13,0.26,10.21,88.47,NORMAL,ALLOW
51.48,3,15.71,38.37,52.86,49.21,SUSPICIOUS,LIMITED
90.8,0,3.27,9.13,0.55,90.32,NORMAL,ALLOW
15.1,11,98.18,80.17,87.12,26.9,HIGH_RISK,DENY
64.67,5,40.55,43.43,22.82,48.22,SUSPICIOUS,LIMITED
92.59,0,5.66,0.13,9.21,89.12,NORMAL,ALLOW
100.0,0,7.35,0.96,0.17,97.97,NORMAL,ALLOW
17.76,8,82.23,72.69,67.34,19.47,HIGH_RISK,DENY
19.11,11,78.95,86.89,74.71,18.12,HIGH_RISK,DENY
5.84,9,114.11,79.48,74.9,21.45,HIGH_RISK,DENY
57.25,4,39.9,52.43,66.28,72.0,SUSPICIOUS,LIMITED
100.0,0,6.28,12.56,1.11,88.1,NORMAL,ALLOW
61.75,6,22.82,52.67,41.75,50.68,SUSPICIOUS,LIMITED
92.93,1,7.25,6.52,1.59,87.41,NORMAL,ALLOW
52.74,2,28.41,28.63,43.27,57.59,SUSPICIOUS,LIMITED
60.9,3,20.05,39.42,38.03,53.68,SUSPICIOUS,LIMITED
96.28,0,7.08,0.39,5.57,85.85,NORMAL,ALLOW
55.68,4,32.1,46.84,32.94,51.25,SUSPICIOUS,LIMITED
5.43,6,95.91,85.15,66.42,25.96,HIGH_RISK,DENY
49.52,4,28.06,33.99,37.26,60.05,SUSPICIOUS,LIMITED
93.02,1,4.82,1.05,5.85,91.29,NORMAL,ALLOW
93.4,0,7.4,3.45,0.82,94.28,NORMAL,ALLOW
5.55,12,65.8,81.92,88.64,23.19,HIGH_RISK,DENY
89.0,1,4.77,3.81,2.15,95.12,NORMAL,ALLOW
90.9,0,3.92,6.65,2.26,91.05,NORMAL,ALLOW
59.47,4,19.49,45.22,46.51,67.78,SUSPICIOUS,LIMITED
51.1,2,32.86,61.59,41.79,61.55,SUSPICIOUS,LIMITED
57.98,6,26.85,46.27,40.09,58.77,SUSPICIOUS,LIMITED
100.0,0,5.32,0.21,0.31,85.33,NORMAL,ALLOW
88.59,0,6.05,0.8,1.04,99.94,NORMAL,ALLOW
20.77,10,87.52,78.82,75.57,0.0,HIGH_RISK,DENY
8.96,8,59.87,75.36,79.98,21.91,HIGH_RISK,DENY
93.24,1,3.79,2.98,7.76,86.85,NORMAL,ALLOW
14.41,9,92.53,94.86,74.59,9.59,HIGH_RISK,DENY
12.27,12,92.82,90.13,68.91,17.79,HIGH_RISK,DENY
44.28,2,23.8,50.0,41.55,63.48,SUSPICIOUS,LIMITED
17.38,7,50.94,83.93,97.56,21.15,HIGH_RISK,DENY
84.96,0,5.17,0.45,8.85,95.65,NORMAL,ALLOW
15.34,8,100.11,84.57,91.68,20.02,HIGH_RISK,DENY
89.15,0,4.52,3.12,2.53,94.53,NORMAL,ALLOW
87.3,0,6.96,1.03,5.48,91.93,NORMAL,ALLOW
53.15,5,25.6,48.32,27.4,66.73,SUSPICIOUS,LIMITED
4.9,7,82.18,80.15,82.05,10.81,HIGH_RISK,DENY
46.01,2,35.47,59.49,44.65,66.59,SUSPICIOUS,LIMITED
9.95,10,112.45,93.28,51.53,21.36,HIGH_RISK,DENY
10.52,6,107.88,70.83,77.84,17.24,HIGH_RISK,DENY
14.91,10,84.6,89.03,75.12,27.64,HIGH_RISK,DENY
52.7,5,31.26,49.18,48.91,57.44,SUSPICIOUS,LIMITED
33.41,11,102.14,79.13,84.08,22.83,HIGH_RISK,DENY
57.81,5,14.0,55.19,70.0,55.7,SUSPICIOUS,LIMITED
93.79,0,5.0,1.92,4.78,95.26,NORMAL,ALLOW
96.15,0,7.46,6.28,7.32,88.72,NORMAL,ALLOW
53.65,2,33.52,46.33,53.1,58.1,SUSPICIOUS,LIMITED
58.08,5,14.0,45.82,48.15,64.46,SUSPICIOUS,LIMITED
5.01,6,99.16,85.56,80.69,10.75,HIGH_RISK,DENY
50.72,2,27.13,58.81,36.98,70.48,SUSPICIOUS,LIMITED
12.27,10,84.26,83.67,78.43,4.08,HIGH_RISK,DENY
98.84,0,6.33,2.0,0.68,91.71,NORMAL,ALLOW
88.74,2,5.97,1.57,2.41,89.41,NORMAL,ALLOW
48.51,2,33.07,39.26,43.58,58.84,SUSPICIOUS,LIMITED
52.27,6,24.79,36.96,43.49,70.73,SUSPICIOUS,LIMITED
16.55,13,111.63,86.86,96.2,11.04,HIGH_RISK,DENY
52.09,6,30.35,45.66,22.68,54.29,SUSPICIOUS,LIMITED
86.69,0,4.63,0.1,3.34,95.29,NORMAL,ALLOW
43.56,2,32.05,52.62,49.2,68.42,SUSPICIOUS,LIMITED
45.22,3,36.32,51.51,43.1,67.43,SUSPICIOUS,LIMITED
100.0,0,5.78,2.18,3.02,82.25,NORMAL,ALLOW
9.44,12,98.04,82.7,84.04,20.93,HIGH_RISK,DENY
20.55,8,88.28,72.16,76.56,7.47,HIGH_RISK,DENY
10.62,6,83.12,96.99,77.77,28.37,HIGH_RISK,DENY
39.85,3,30.99,68.0,43.43,66.57,SUSPICIOUS,LIMITED
89.56,1,6.08,2.6,5.39,99.67,NORMAL,ALLOW
13.59,8,77.39,90.65,85.19,11.29,HIGH_RISK,DENY
51.32,3,29.33,39.01,48.76,67.0,SUSPICIOUS,LIMITED
15.88,14,88.75,73.11,94.63,7.12,HIGH_RISK,DENY
92.09,0,4.19,13.44,1.37,88.3,NORMAL,ALLOW
96.29,0,2.27,3.98,0.08,99.96,NORMAL,ALLOW
96.84,0,4.54,8.18,2.08,94.09,NORMAL,ALLOW
23.1,15,75.82,89.29,72.46,25.35,HIGH_RISK,DENY
30.5,13,119.53,84.57,64.09,22.8,HIGH_RISK,DENY
70.29,2,33.89,44.9,53.54,58.41,SUSPICIOUS,LIMITED
8.79,6,89.7,84.22,95.82,28.71,HIGH_RISK,DENY
46.62,6,32.37,37.77,19.47,59.81,SUSPICIOUS,LIMITED
43.31,3,31.41,46.93,44.33,49.02,SUSPICIOUS,LIMITED
59.77,5,35.27,34.76,51.29,57.33,SUSPICIOUS,LIMITED
62.15,5,20.89,49.91,27.75,72.0,SUSPICIOUS,LIMITED
46.17,6,32.24,32.36,22.76,46.15,SUSPICIOUS,LIMITED
85.74,0,3.31,9.69,1.59,84.22,NORMAL,ALLOW
17.28,7,75.78,69.01,86.29,23.09,HIGH_RISK,DENY
88.41,0,4.22,8.69,0.35,91.6,NORMAL,ALLOW
56.0,4,27.11,41.43,46.17,47.72,SUSPICIOUS,LIMITED
28.41,8,74.65,93.71,77.57,0.0,HIGH_RISK,DENY
6.27,16,64.81,80.72,89.97,28.25,HIGH_RISK,DENY
0.0,10,81.0,80.75,58.05,27.5,HIGH_RISK,DENY
56.07,3,25.81,38.88,69.39,48.93,SUSPICIOUS,LIMITED
43.44,5,24.85,53.88,48.69,38.0,SUSPICIOUS,LIMITED
64.02,6,31.24,40.23,70.0,60.11,SUSPICIOUS,LIMITED
16.79,13,83.62,82.26,86.99,19.15,HIGH_RISK,DENY
15.9,7,75.95,87.7,79.6,20.44,HIGH_RISK,DENY
50.59,2,30.13,27.85,36.84,72.0,SUSPICIOUS,LIMITED
23.37,10,118.55,92.96,68.58,24.29,HIGH_RISK,DENY
94.52,0,6.51,8.18,4.41,86.75,NORMAL,ALLOW
99.89,1,7.92,5.25,0.4,96.55,NORMAL,ALLOW
38.34,2,36.59,65.01,18.0,60.51,SUSPICIOUS,LIMITED
52.59,4,21.38,59.26,49.67,61.75,SUSPICIOUS,LIMITED
64.66,3,22.2,50.99,35.97,48.03,SUSPICIOUS,LIMITED
82.2,2,3.57,18.0,4.26,79.51,NORMAL,ALLOW
89.77,0,6.38,0.77,0.43,95.07,NORMAL,ALLOW
24.36,10,78.56,100.0,69.31,21.48,HIGH_RISK,DENY
91.76,0,4.57,0.09,3.1,90.63,NORMAL,ALLOW
51.56,2,25.86,50.06,50.16,64.03,SUSPICIOUS,LIMITED
50.44,2,31.48,42.02,42.08,61.37,SUSPICIOUS,LIMITED
51.72,5,22.6,42.42,35.24,54.36,SUSPICIOUS,LIMITED
53.56,6,36.36,32.98,47.46,53.17,SUSPICIOUS,LIMITED
92.98,0,5.97,1.86,1.12,95.04,NORMAL,ALLOW
18.03,10,83.04,82.07,89.62,25.53,HIGH_RISK,DENY
88.23,0,8.02,8.65,1.65,94.92,NORMAL,ALLOW
54.34,5,22.54,40.98,35.59,55.06,SUSPICIOUS,LIMITED
96.91,2,4.31,2.6,4.54,84.98,NORMAL,ALLOW
60.81,2,30.93,43.63,41.86,55.54,SUSPICIOUS,LIMITED
15.55,8,90.87,79.37,69.16,31.35,HIGH_RISK,DENY
45.34,6,26.11,40.93,49.99,62.08,SUSPICIOUS,LIMITED
86.94,0,7.3,0.78,1.66,99.99,NORMAL,ALLOW
10.07,10,69.12,94.4,91.59,6.6,HIGH_RISK,DENY
44.47,3,29.89,61.29,52.56,58.52,SUSPICIOUS,LIMITED
59.55,3,27.43,28.34,38.71,56.4,SUSPICIOUS,LIMITED
58.56,6,39.37,34.46,49.41,60.46,SUSPICIOUS,LIMITED
97.72,0,8.37,1.67,2.99,85.05,NORMAL,ALLOW
95.12,0,6.63,0.45,1.13,94.89,NORMAL,ALLOW
52.82,6,27.88,36.33,45.06,66.32,SUSPICIOUS,LIMITED
97.33,0,5.21,0.79,3.43,85.32,NORMAL,ALLOW
51.38,3,31.44,39.13,38.29,63.18,SUSPICIOUS,LIMITED
92.89,0,2.81,5.12,0.98,92.69,NORMAL,ALLOW
95.28,1,4.19,0.12,6.36,88.81,NORMAL,ALLOW
55.29,5,24.24,55.81,27.52,53.45,SUSPICIOUS,LIMITED
54.23,4,14.0,45.42,38.47,60.34,SUSPICIOUS,LIMITED
14.67,6,77.97,82.11,81.79,22.28,HIGH_RISK,DENY
91.07,0,3.09,3.22,0.79,90.64,NORMAL,ALLOW
89.35,1,7.36,3.26,2.15,86.63,NORMAL,ALLOW
21.98,13,123.65,96.35,83.89,12.98,HIGH_RISK,DENY
25.58,7,70.42,94.06,90.59,23.92,HIGH_RISK,DENY
44.57,4,30.03,46.93,48.01,69.83,SUSPICIOUS,LIMITED
12.9,11,90.27,89.85,80.44,12.14,HIGH_RISK,DENY
10.66,6,89.73,90.43,64.0,28.96,HIGH_RISK,DENY
20.2,6,75.02,77.14,75.34,21.11,HIGH_RISK,DENY
43.2,6,32.22,39.13,39.55,51.75,SUSPICIOUS,LIMITED
95.06,0,4.54,0.87,3.92,89.59,NORMAL,ALLOW
94.22,0,3.19,0.13,1.06,88.6,NORMAL,ALLOW
89.56,0,7.15,1.37,2.69,98.87,NORMAL,ALLOW
87.12,0,2.26,1.7,0.31,92.75,NORMAL,ALLOW
38.0,6,30.13,43.97,27.89,49.3,SUSPICIOUS,LIMITED
22.73,11,66.55,99.54,81.32,13.43,HIGH_RISK,DENY
24.09,10,100.0,81.84,87.49,14.39,HIGH_RISK,DENY
41.84,4,14.0,51.15,52.27,51.56,SUSPICIOUS,LIMITED
13.3,11,102.73,86.86,70.3,14.53,HIGH_RISK,DENY
25.05,10,67.06,62.0,66.96,26.31,HIGH_RISK,DENY
51.45,3,33.11,46.45,53.55,67.75,SUSPICIOUS,LIMITED
38.0,6,21.33,37.6,47.75,44.73,SUSPICIOUS,LIMITED
5.94,8,95.21,72.09,71.2,25.58,HIGH_RISK,DENY
41.62,3,15.29,52.67,45.12,38.0,SUSPICIOUS,LIMITED
89.19,0,5.01,3.98,1.48,90.94,NORMAL,ALLOW
19.57,16,85.39,77.94,63.33,0.0,HIGH_RISK,DENY
69.62,3,28.41,40.95,33.04,57.83,SUSPICIOUS,LIMITED
9.93,9,97.27,82.33,75.4,27.14,HIGH_RISK,DENY
59.28,6,23.85,56.9,41.81,38.0,SUSPICIOUS,LIMITED
12.86,12,102.07,84.83,82.02,21.56,HIGH_RISK,DENY
67.37,3,34.29,56.44,36.85,52.7,SUSPICIOUS,LIMITED
52.26,5,28.51,49.77,37.63,56.94,SUSPICIOUS,LIMITED
12.22,11,91.06,82.11,71.56,26.63,HIGH_RISK,DENY
53.82,2,26.67,45.98,25.79,61.02,SUSPICIOUS,LIMITED
59.96,3,16.75,47.79,53.33,52.96,SUSPICIOUS,LIMITED
9.46,7,97.91,89.28,73.24,27.73,HIGH_RISK,DENY
13.0,11,84.79,91.02,73.95,12.44,HIGH_RISK,DENY
12.66,14,90.86,85.11,68.35,16.97,HIGH_RISK,DENY
62.21,6,14.72,49.22,31.33,49.51,SUSPICIOUS,LIMITED
18.25,8,84.04,84.02,96.52,20.13,HIGH_RISK,DENY
61.62,2,42.8,48.73,37.74,53.47,SUSPICIOUS,LIMITED
95.55,0,4.55,2.17,3.0,95.85,NORMAL,ALLOW
25.08,11,64.0,89.51,91.86,11.62,HIGH_RISK,DENY
60.56,4,27.63,46.21,38.0,44.31,SUSPICIOUS,LIMITED
91.43,0,1.0,1.47,2.01,80.4,NORMAL,ALLOW
92.91,0,4.66,1.39,1.15,90.41,NORMAL,ALLOW
91.77,1,9.37,0.94,3.54,92.99,NORMAL,ALLOW
84.22,0,4.97,4.5,11.59,87.03,NORMAL,ALLOW
81.8,2,4.85,0.16,3.77,95.26,NORMAL,ALLOW
89.05,0,4.69,7.35,1.11,87.72,NORMAL,ALLOW
95.91,0,6.09,0.54,0.86,97.37,NORMAL,ALLOW
100.0,0,6.33,7.17,6.55,89.65,NORMAL,ALLOW
12.13,14,74.47,75.62,78.62,16.59,HIGH_RISK,DENY
67.36,6,18.85,41.37,42.74,62.03,SUSPICIOUS,LIMITED
55.28,6,18.76,34.19,44.18,60.08,SUSPICIOUS,LIMITED
95.24,0,5.7,4.48,0.26,93.48,NORMAL,ALLOW
93.18,0,1.65,0.29,2.75,95.95,NORMAL,ALLOW
7.38,7,106.97,80.15,75.3,25.9,HIGH_RISK,DENY
89.18,0,6.2,2.17,3.09,91.81,NORMAL,ALLOW
9.26,6,85.11,72.94,80.75,18.93,HIGH_RISK,DENY
7.04,10,64.71,89.3,69.07,38.0,HIGH_RISK,DENY
84.38,0,8.37,2.93,0.83,90.44,NORMAL,ALLOW
85.76,0,3.09,11.14,0.22,92.64,NORMAL,ALLOW
96.36,1,6.1,0.03,2.29,90.82,NORMAL,ALLOW
20.84,10,92.48,78.06,90.42,17.32,HIGH_RISK,DENY
49.27,2,25.2,39.53,39.35,41.76,SUSPICIOUS,LIMITED
84.82,0,6.92,1.71,9.33,91.83,NORMAL,ALLOW
93.63,0,9.38,1.78,3.62,95.05,NORMAL,ALLOW
26.13,6,95.58,88.99,64.55,22.95,HIGH_RISK,DENY
86.0,0,6.78,2.04,0.21,89.73,NORMAL,ALLOW
18.96,9,110.82,78.62,68.32,30.39,HIGH_RISK,DENY
94.88,1,7.72,4.78,2.3,94.66,NORMAL,ALLOW
13.65,6,82.69,80.74,95.24,20.14,HIGH_RISK,DENY
19.19,7,104.86,90.6,89.1,16.89,HIGH_RISK,DENY
24.7,9,89.9,85.69,73.87,32.61,HIGH_RISK,DENY
12.48,10,68.48,76.17,96.76,16.94,HIGH_RISK,DENY
5.29,10,65.2,85.8,98.41,24.19,HIGH_RISK,DENY
18.7,12,96.87,82.59,83.82,20.23,HIGH_RISK,DENY
9.31,11,66.61,84.13,100.0,8.96,HIGH_RISK,DENY
6.21,10,89.04,94.66,81.3,13.83,HIGH_RISK,DENY
85.7,0,5.86,3.44,6.26,88.66,NORMAL,ALLOW
98.39,0,6.07,1.07,5.59,91.15,NORMAL,ALLOW
88.02,0,4.84,1.06,0.34,93.53,NORMAL,ALLOW
46.01,4,19.62,68.0,31.35,56.96,SUSPICIOUS,LIMITED
100.0,0,7.03,3.68,1.91,91.33,NORMAL,ALLOW
90.91,0,6.48,14.18,8.86,88.02,NORMAL,ALLOW
52.12,5,35.28,42.85,34.61,56.08,SUSPICIOUS,LIMITED
97.85,0,4.42,6.39,3.78,95.62,NORMAL,ALLOW
38.0,3,14.0,34.44,45.58,56.81,SUSPICIOUS,LIMITED
40.6,2,25.2,26.45,43.75,56.04,SUSPICIOUS,LIMITED
28.36,13,60.33,77.54,72.38,10.38,HIGH_RISK,DENY
89.19,1,4.87,0.59,0.06,96.1,NORMAL,ALLOW
49.87,4,37.38,38.86,55.99,65.5,SUSPICIOUS,LIMITED
83.45,1,7.74,2.4,2.39,86.39,NORMAL,ALLOW
72.0,2,38.88,41.12,41.8,72.0,SUSPICIOUS,LIMITED
13.21,7,73.33,78.59,65.67,23.89,HIGH_RISK,DENY
94.13,0,6.0,9.08,4.38,87.48,NORMAL,ALLOW
49.44,5,30.97,25.19,49.73,72.0,SUSPICIOUS,LIMITED
46.85,3,14.0,63.15,32.69,55.99,SUSPICIOUS,LIMITED
12.1,11,69.14,86.87,82.31,22.63,HIGH_RISK,DENY
59.38,6,16.68,64.2,52.35,55.71,SUSPICIOUS,LIMITED
12.84,6,62.93,78.23,78.6,16.29,HIGH_RISK,DENY
94.01,0,1.38,7.45,7.25,95.51,NORMAL,ALLOW
16.52,9,79.57,71.06,67.62,18.88,HIGH_RISK,DENY
86.65,0,4.57,2.34,1.71,89.31,NORMAL,ALLOW
86.21,0,3.36,3.44,2.58,92.57,NORMAL,ALLOW
52.03,3,32.37,31.8,67.82,53.34,SUSPICIOUS,LIMITED
53.98,6,30.89,48.49,45.73,38.0,SUSPICIOUS,LIMITED
52.24,2,31.42,26.83,25.16,72.0,SUSPICIOUS,LIMITED
62.16,2,24.44,50.81,42.86,66.1,SUSPICIOUS,LIMITED
48.79,5,30.79,40.85,28.64,52.75,SUSPICIOUS,LIMITED
91.64,0,5.43,0.82,1.63,93.1,NORMAL,ALLOW
93.12,0,7.95,0.05,1.07,91.76,NORMAL,ALLOW
57.48,5,21.47,24.59,37.68,52.64,SUSPICIOUS,LIMITED
57.25,3,22.9,52.9,34.76,59.18,SUSPICIOUS,LIMITED
53.77,2,30.73,53.12,37.47,60.62,SUSPICIOUS,LIMITED
24.87,7,93.28,95.5,64.45,16.37,HIGH_RISK,DENY
21.7,12,95.17,88.53,68.82,10.68,HIGH_RISK,DENY
100.0,0,3.41,0.5,1.11,81.5,NORMAL,ALLOW
51.19,3,26.63,47.8,44.87,51.05,SUSPICIOUS,LIMITED
42.05,2,31.11,48.35,39.73,46.49,SUSPICIOUS,LIMITED
89.0,0,4.41,0.7,2.52,98.01,NORMAL,ALLOW
86.99,0,6.92,1.25,2.37,85.79,NORMAL,ALLOW
94.2,0,9.3,9.5,3.49,90.64,NORMAL,ALLOW
94.49,1,4.3,1.48,0.69,86.57,NORMAL,ALLOW
51.23,6,26.03,46.18,57.27,60.07,SUSPICIOUS,LIMITED
20.74,13,85.24,71.36,79.64,23.9,HIGH_RISK,DENY
93.67,2,5.57,0.0,5.73,99.26,NORMAL,ALLOW
45.68,2,26.54,56.3,44.18,67.14,SUSPICIOUS,LIMITED
92.09,1,6.21,2.14,2.45,93.24,NORMAL,ALLOW
99.9,1,4.56,5.77,2.35,92.75,NORMAL,ALLOW
65.02,5,23.3,39.99,53.95,47.69,SUSPICIOUS,LIMITED
90.13,0,1.96,6.64,1.31,85.29,NORMAL,ALLOW
22.24,9,87.05,84.59,82.99,21.39,HIGH_RISK,DENY
88.08,0,2.64,5.16,3.88,89.05,NORMAL,ALLOW
15.19,9,64.28,84.2,89.69,16.39,HIGH_RISK,DENY
92.28,0,7.24,3.74,0.48,95.66,NORMAL,ALLOW
96.88,0,10.31,2.01,1.44,88.96,NORMAL,ALLOW
87.51,1,1.46,3.7,1.88,86.08,NORMAL,ALLOW
20.19,10,77.83,75.2,100.0,23.83,HIGH_RISK,DENY
59.96,3,27.55,29.4,28.14,59.95,SUSPICIOUS,LIMITED
47.02,4,34.23,44.31,50.49,52.15,SUSPICIOUS,LIMITED
4.48,9,64.7,71.24,65.14,18.22,HIGH_RISK,DENY
93.06,0,4.39,1.16,4.8,91.91,NORMAL,ALLOW
59.16,2,19.09,44.68,27.78,67.93,SUSPICIOUS,LIMITED
31.81,8,86.03,84.68,71.68,16.96,HIGH_RISK,DENY
42.59,2,28.63,55.86,42.23,51.77,SUSPICIOUS,LIMITED
6.33,6,81.42,86.1,67.13,29.79,HIGH_RISK,DENY
41.36,6,28.07,43.52,55.86,50.5,SUSPICIOUS,LIMITED
14.71,15,92.83,86.13,90.25,17.27,HIGH_RISK,DENY
61.81,5,22.92,48.26,58.05,46.24,SUSPICIOUS,LIMITED
5.0,11,97.79,77.79,75.49,27.76,HIGH_RISK,DENY
48.31,4,28.95,48.83,54.01,50.71,SUSPICIOUS,LIMITED
90.9,1,8.32,6.55,1.92,92.38,NORMAL,ALLOW
63.82,4,33.34,47.84,40.72,59.52,SUSPICIOUS,LIMITED
57.67,4,28.02,56.47,58.5,59.2,SUSPICIOUS,LIMITED
54.89,3,17.37,46.51,20.25,52.77,SUSPICIOUS,LIMITED
27.89,8,95.16,73.76,78.27,3.38,HIGH_RISK,DENY
23.18,12,115.98,89.85,70.15,15.78,HIGH_RISK,DENY
42.17,6,27.01,34.89,23.6,53.35,SUSPICIOUS,LIMITED
69.68,3,22.89,60.67,44.49,56.69,SUSPICIOUS,LIMITED
65.12,6,26.52,26.28,48.41,47.38,SUSPICIOUS,LIMITED
94.06,1,5.05,0.17,1.07,92.41,NORMAL,ALLOW
95.79,0,4.68,9.6,1.76,92.98,NORMAL,ALLOW
56.45,2,33.2,60.0,44.58,66.95,SUSPICIOUS,LIMITED
58.04,5,14.0,51.13,22.84,59.98,SUSPICIOUS,LIMITED
21.43,7,94.34,76.22,72.39,37.99,HIGH_RISK,DENY
9.46,11,99.97,98.07,84.93,34.08,HIGH_RISK,DENY
56.7,4,32.35,48.75,34.09,58.68,SUSPICIOUS,LIMITED
7.83,12,73.04,93.09,83.57,33.93,HIGH_RISK,DENY
54.39,2,24.39,46.23,40.53,38.24,SUSPICIOUS,LIMITED
13.07,11,64.17,76.47,93.91,13.15,HIGH_RISK,DENY
93.34,0,3.6,2.14,1.02,94.78,NORMAL,ALLOW
49.67,3,21.88,46.24,46.2,72.0,SUSPICIOUS,LIMITED
13.66,10,84.29,87.26,76.2,21.65,HIGH_RISK,DENY
87.09,0,6.87,4.71,0.55,90.76,NORMAL,ALLOW
0.81,9,93.09,100.0,96.62,28.6,HIGH_RISK,DENY
90.06,0,8.34,2.92,10.21,87.79,NORMAL,ALLOW
89.9,0,5.93,0.16,3.26,95.78,NORMAL,ALLOW
57.05,4,34.75,62.9,31.49,66.04,SUSPICIOUS,LIMITED
1.05,9,95.24,86.28,100.0,16.52,HIGH_RISK,DENY
87.92,0,11.9,1.3,0.65,91.71,NORMAL,ALLOW
92.87,0,4.76,2.51,0.42,94.77,NORMAL,ALLOW
47.95,5,23.81,42.74,36.74,69.64,SUSPICIOUS,LIMITED
62.65,6,22.43,38.66,38.07,53.3,SUSPICIOUS,LIMITED
7.66,8,67.11,79.01,77.48,12.19,HIGH_RISK,DENY
15.16,16,93.38,92.28,67.83,18.48,HIGH_RISK,DENY
16.06,9,75.59,90.44,100.0,28.03,HIGH_RISK,DENY
50.13,4,26.46,43.16,42.09,54.15,SUSPICIOUS,LIMITED
14.77,11,79.67,87.48,75.36,13.9,HIGH_RISK,DENY
55.11,4,41.67,65.19,37.72,72.0,SUSPICIOUS,LIMITED
20.62,14,78.18,78.7,93.92,22.94,HIGH_RISK,DENY
21.08,13,55.62,83.38,85.78,16.55,HIGH_RISK,DENY
26.68,10,93.29,87.03,81.32,17.49,HIGH_RISK,DENY
52.23,3,22.83,35.89,54.42,62.07,SUSPICIOUS,LIMITED
88.54,2,6.32,6.61,4.04,83.84,NORMAL,ALLOW
89.28,0,6.74,3.51,1.83,92.42,NORMAL,ALLOW
91.82,0,5.64,10.48,9.39,94.4,NORMAL,ALLOW
65.14,6,34.23,32.56,32.42,49.51,SUSPICIOUS,LIMITED
18.97,8,101.13,85.47,97.36,23.82,HIGH_RISK,DENY
10.89,7,52.69,81.03,100.0,25.06,HIGH_RISK,DENY
15.91,8,95.25,100.0,79.25,12.31,HIGH_RISK,DENY
87.22,0,5.7,9.04,1.17,96.74,NORMAL,ALLOW
15.05,9,73.44,84.73,77.24,14.78,HIGH_RISK,DENY
52.59,4,20.73,53.09,49.48,60.89,SUSPICIOUS,LIMITED
26.11,10,84.21,76.5,63.33,29.96,HIGH_RISK,DENY
52.18,6,39.82,54.03,38.86,52.79,SUSPICIOUS,LIMITED
11.26,6,93.95,85.32,72.98,24.63,HIGH_RISK,DENY
48.74,2,28.35,54.12,44.05,52.31,SUSPICIOUS,LIMITED
57.75,3,25.37,47.24,53.56,66.5,SUSPICIOUS,LIMITED
25.57,6,67.03,92.63,84.59,30.44,HIGH_RISK,DENY
28.34,14,63.51,84.9,77.79,23.91,HIGH_RISK,DENY
3.95,6,76.47,90.17,83.54,36.11,HIGH_RISK,DENY
20.07,9,82.07,90.88,88.27,6.51,HIGH_RISK,DENY
17.42,7,107.9,96.8,82.49,18.94,HIGH_RISK,DENY
95.11,0,6.02,9.13,1.71,93.46,NORMAL,ALLOW
92.92,1,4.32,9.54,0.07,94.27,NORMAL,ALLOW
50.45,4,27.2,44.28,18.31,59.2,SUSPICIOUS,LIMITED
9.87,13,61.15,87.0,67.48,38.0,HIGH_RISK,DENY
58.95,2,25.53,62.23,36.59,60.04,SUSPICIOUS,LIMITED
93.31,0,3.7,1.73,5.93,94.72,NORMAL,ALLOW
69.19,3,28.97,45.0,44.0,64.99,SUSPICIOUS,LIMITED
4.36,15,87.78,82.86,76.36,23.56,HIGH_RISK,DENY
92.13,0,2.51,1.99,1.26,96.08,NORMAL,ALLOW
93.11,0,4.91,6.87,0.29,91.0,NORMAL,ALLOW
0.0,6,100.23,75.43,89.85,13.8,HIGH_RISK,DENY
53.26,3,36.99,49.81,38.46,54.25,SUSPICIOUS,LIMITED
32.73,10,93.71,74.54,100.0,20.22,HIGH_RISK,DENY
53.31,5,25.62,48.19,45.3,55.86,SUSPICIOUS,LIMITED
19.37,9,98.14,91.78,62.77,17.65,HIGH_RISK,DENY
19.22,9,74.87,79.87,63.74,21.56,HIGH_RISK,DENY
94.61,1,10.82,4.53,4.48,97.9,NORMAL,ALLOW
2.84,12,104.05,80.07,57.02,3.9,HIGH_RISK,DENY
15.45,10,63.26,85.41,80.23,20.01,HIGH_RISK,DENY
44.33,6,28.53,58.51,47.09,61.96,SUSPICIOUS,LIMITED
40.03,4,27.24,46.4,24.61,55.33,SUSPICIOUS,LIMITED
86.59,0,2.06,2.51,0.49,91.9,NORMAL,ALLOW
92.41,0,3.63,3.12,2.29,82.77,NORMAL,ALLOW
46.84,5,24.86,36.37,45.19,54.25,SUSPICIOUS,LIMITED
46.15,3,37.59,43.25,51.27,65.63,SUSPICIOUS,LIMITED
5.67,14,108.74,96.3,70.05,21.31,HIGH_RISK,DENY
8.0,10,114.74,82.03,74.37,20.48,HIGH_RISK,DENY
48.89,5,24.79,63.64,52.2,61.12,SUSPICIOUS,LIMITED
5.08,7,100.13,99.11,76.98,21.4,HIGH_RISK,DENY
20.29,11,94.01,84.97,82.52,22.57,HIGH_RISK,DENY
97.25,0,4.9,5.82,3.25,97.19,NORMAL,ALLOW
50.91,4,26.02,48.42,27.93,61.29,SUSPICIOUS,LIMITED
9.52,17,91.61,89.21,69.73,11.71,HIGH_RISK,DENY
86.87,0,5.05,0.6,1.49,95.79,NORMAL,ALLOW
56.36,2,47.42,51.38,18.0,52.98,SUSPICIOUS,LIMITED
53.24,3,21.84,29.74,40.92,58.54,SUSPICIOUS,LIMITED
92.23,0,4.46,7.1,0.74,95.3,NORMAL,ALLOW
89.35,0,5.23,0.35,11.12,96.34,NORMAL,ALLOW
7.16,8,78.53,75.61,88.21,22.55,HIGH_RISK,DENY
27.95,9,91.38,83.73,68.6,36.98,HIGH_RISK,DENY
51.03,2,20.26,30.29,28.5,72.0,SUSPICIOUS,LIMITED
100.0,0,3.56,7.54,2.71,89.01,NORMAL,ALLOW
92.98,0,5.19,4.18,1.03,86.85,NORMAL,ALLOW
19.64,6,110.46,88.61,93.04,9.26,HIGH_RISK,DENY
64.04,4,19.49,49.73,51.08,62.59,SUSPICIOUS,LIMITED
86.25,1,8.55,0.23,6.35,87.6,NORMAL,ALLOW
16.51,7,94.72,89.26,84.94,26.02,HIGH_RISK,DENY
38.28,5,39.31,48.95,41.94,51.38,SUSPICIOUS,LIMITED
57.74,4,24.94,40.69,49.59,51.63,SUSPICIOUS,LIMITED
87.75,0,6.1,9.22,1.99,93.55,NORMAL,ALLOW
5.92,9,114.21,91.38,77.1,11.58,HIGH_RISK,DENY
95.2,0,2.71,1.46,4.75,91.66,NORMAL,ALLOW
52.62,2,22.95,39.23,41.82,59.29,SUSPICIOUS,LIMITED
43.77,2,36.49,55.95,41.34,47.1,SUSPICIOUS,LIMITED
50.94,2,33.06,23.25,44.1,72.0,SUSPICIOUS,LIMITED
86.71,0,2.83,7.93,5.88,96.38,NORMAL,ALLOW
48.01,6,27.44,50.45,52.8,68.58,SUSPICIOUS,LIMITED
18.34,10,76.78,71.1,87.51,16.51,HIGH_RISK,DENY
45.66,6,18.72,53.04,66.63,52.2,SUSPICIOUS,LIMITED
92.86,0,8.1,2.69,0.71,82.25,NORMAL,ALLOW
52.77,2,17.01,45.68,35.37,61.69,SUSPICIOUS,LIMITED
8.86,8,66.3,85.32,61.66,20.69,HIGH_RISK,DENY
22.11,12,126.89,87.04,82.87,16.92,HIGH_RISK,DENY
44.64,2,27.64,56.29,51.5,52.65,SUSPICIOUS,LIMITED
21.19,9,89.44,87.93,82.65,12.62,HIGH_RISK,DENY
42.47,2,29.66,53.23,55.87,65.09,SUSPICIOUS,LIMITED
99.48,0,1.81,4.2,6.36,100.0,NORMAL,ALLOW
52.18,2,15.88,58.38,37.02,57.27,SUSPICIOUS,LIMITED
89.0,2,4.41,2.45,0.79,91.37,NORMAL,ALLOW
91.84,0,3.68,3.19,0.69,87.63,NORMAL,ALLOW
17.99,10,83.28,88.95,78.47,9.79,HIGH_RISK,DENY
20.5,8,96.58,96.59,81.21,25.24,HIGH_RISK,DENY
87.69,0,6.02,1.79,0.39,89.39,NORMAL,ALLOW
47.74,3,24.05,46.0,42.86,49.26,SUSPICIOUS,LIMITED
64.76,4,40.91,43.64,37.01,57.02,SUSPICIOUS,LIMITED
13.82,6,114.25,92.01,73.05,30.25,HIGH_RISK,DENY
49.85,6,21.42,47.6,41.39,49.8,SUSPICIOUS,LIMITED
46.39,6,25.09,53.14,52.94,62.56,SUSPICIOUS,LIMITED
81.87,0,7.99,1.69,0.8,99.21,NORMAL,ALLOW
91.22,0,5.11,3.73,0.19,93.19,NORMAL,ALLOW
83.65,0,6.33,6.82,1.73,83.56,NORMAL,ALLOW
2.15,8,71.26,86.04,71.54,23.95,HIGH_RISK,DENY
61.19,5,42.92,50.82,49.82,62.54,SUSPICIOUS,LIMITED
63.56,2,26.43,32.29,36.96,41.34,SUSPICIOUS,LIMITED
93.54,0,11.49,18.0,0.21,96.45,NORMAL,ALLOW
94.36,0,11.57,12.37,0.41,100.0,NORMAL,ALLOW
6.96,7,95.44,78.49,70.2,14.66,HIGH_RISK,DENY
63.37,3,24.71,47.62,46.43,69.28,SUSPICIOUS,LIMITED
93.66,0,5.35,2.69,1.67,89.23,NORMAL,ALLOW
99.65,0,5.75,0.4,0.42,94.44,NORMAL,ALLOW
62.39,2,31.02,42.64,24.74,59.82,SUSPICIOUS,LIMITED
22.94,8,82.91,79.69,64.04,10.49,HIGH_RISK,DENY
94.39,0,4.09,1.4,1.26,90.53,NORMAL,ALLOW
50.01,6,21.03,45.6,61.42,67.19,SUSPICIOUS,LIMITED
42.76,4,32.43,55.09,39.38,54.06,SUSPICIOUS,LIMITED
14.62,13,48.0,79.11,63.64,5.93,HIGH_RISK,DENY
7.64,8,70.9,83.32,56.96,19.18,HIGH_RISK,DENY
53.74,2,33.19,53.98,56.93,64.25,SUSPICIOUS,LIMITED
89.18,0,5.01,2.65,1.58,90.7,NORMAL,ALLOW
24.86,13,75.31,85.05,66.04,36.4,HIGH_RISK,DENY
53.22,2,25.24,63.65,49.24,58.59,SUSPICIOUS,LIMITED
92.96,2,2.76,8.3,1.85,88.79,NORMAL,ALLOW
10.12,7,120.39,100.0,83.69,11.72,HIGH_RISK,DENY
47.55,2,29.55,44.22,62.54,45.8,SUSPICIOUS,LIMITED
20.81,6,55.87,83.71,91.35,26.43,HIGH_RISK,DENY
16.64,10,80.87,87.11,85.96,8.28,HIGH_RISK,DENY
19.72,12,84.61,85.44,83.41,35.88,HIGH_RISK,DENY
10.67,8,92.25,83.83,78.08,21.8,HIGH_RISK,DENY
25.82,6,72.29,94.85,72.41,7.92,HIGH_RISK,DENY
44.08,6,19.02,36.06,53.01,65.1,SUSPICIOUS,LIMITED
12.6,15,75.0,100.0,92.41,9.28,HIGH_RISK,DENY
85.6,1,3.92,5.65,2.09,92.42,NORMAL,ALLOW
7.84,9,81.66,90.31,76.82,12.82,HIGH_RISK,DENY
38.86,5,22.77,59.96,62.15,58.47,SUSPICIOUS,LIMITED
88.37,0,2.96,5.3,1.99,89.82,NORMAL,ALLOW
59.15,3,19.72,35.93,43.03,49.28,SUSPICIOUS,LIMITED
15.29,10,77.95,85.95,81.24,29.9,HIGH_RISK,DENY
14.66,11,105.9,91.12,84.73,28.68,HIGH_RISK,DENY
87.46,0,1.69,0.9,2.2,95.18,NORMAL,ALLOW
93.79,0,7.48,7.46,6.25,85.33,NORMAL,ALLOW
23.89,8,95.69,85.12,74.66,15.14,HIGH_RISK,DENY
49.49,2,25.2,48.46,36.21,56.39,SUSPICIOUS,LIMITED
16.86,7,101.27,93.87,70.45,17.38,HIGH_RISK,DENY
91.52,0,5.85,2.18,1.03,99.87,NORMAL,ALLOW
44.14,2,14.0,58.38,38.44,58.49,SUSPICIOUS,LIMITED
51.8,6,32.34,34.76,43.71,52.22,SUSPICIOUS,LIMITED
18.24,14,86.16,78.02,67.01,0.0,HIGH_RISK,DENY
38.0,5,27.34,33.8,30.27,51.56,SUSPICIOUS,LIMITED
93.25,0,5.56,10.59,0.45,85.06,NORMAL,ALLOW
12.31,12,94.87,76.82,56.62,6.84,HIGH_RISK,DENY
95.11,0,2.77,1.3,1.23,100.0,NORMAL,ALLOW
95.14,0,3.87,1.75,3.03,91.36,NORMAL,ALLOW
99.9,0,4.65,0.64,0.72,88.67,NORMAL,ALLOW
91.5,0,3.93,3.43,1.09,94.7,NORMAL,ALLOW
100.0,0,6.97,3.39,5.76,87.77,NORMAL,ALLOW
97.15,0,5.39,4.19,0.64,89.6,NORMAL,ALLOW
100.0,1,8.15,15.31,0.67,94.08,NORMAL,ALLOW
89.35,0,2.24,0.65,6.11,97.83,NORMAL,ALLOW
87.71,0,4.67,0.33,15.0,93.8,NORMAL,ALLOW
96.82,0,1.1,3.78,0.86,86.8,NORMAL,ALLOW
62.73,5,18.58,39.21,37.7,69.95,SUSPICIOUS,LIMITED
96.78,0,2.9,2.39,2.75,95.99,NORMAL,ALLOW
91.96,0,6.49,2.02,0.9,92.95,NORMAL,ALLOW
6.78,10,102.87,81.44,64.39,22.04,HIGH_RISK,DENY
41.98,5,28.15,35.71,18.54,65.91,SUSPICIOUS,LIMITED
50.02,5,30.37,48.78,33.29,69.13,SUSPICIOUS,LIMITED
29.76,11,122.99,91.48,72.37,28.89,HIGH_RISK,DENY
57.43,2,25.55,61.34,31.99,63.06,SUSPICIOUS,LIMITED
19.17,11,64.48,84.52,75.37,11.01,HIGH_RISK,DENY
59.88,3,23.18,47.11,21.05,42.63,SUSPICIOUS,LIMITED
55.41,5,14.0,42.63,46.87,54.19,SUSPICIOUS,LIMITED
55.12,2,32.83,51.99,58.49,65.35,SUSPICIOUS,LIMITED
46.73,3,22.13,41.6,45.23,72.0,SUSPICIOUS,LIMITED
49.62,3,35.54,46.48,39.68,62.28,SUSPICIOUS,LIMITED
63.12,6,18.73,32.9,40.84,65.63,SUSPICIOUS,LIMITED
50.47,2,24.3,49.4,39.99,56.09,SUSPICIOUS,LIMITED
84.61,0,3.62,3.67,1.01,93.63,NORMAL,ALLOW
19.4,6,74.29,76.31,78.99,9.36,HIGH_RISK,DENY
22.41,16,75.07,78.1,100.0,13.75,HIGH_RISK,DENY
7.33,15,68.85,89.77,81.63,27.52,HIGH_RISK,DENY
12.49,10,90.97,78.89,76.75,27.23,HIGH_RISK,DENY
95.96,1,2.8,1.18,1.22,94.89,NORMAL,ALLOW
63.09,4,31.34,32.79,36.18,54.57,SUSPICIOUS,LIMITED
81.66,0,1.0,0.21,0.0,95.14,NORMAL,ALLOW
52.23,5,22.17,35.7,41.05,38.0,SUSPICIOUS,LIMITED
19.21,14,81.16,84.3,72.15,18.85,HIGH_RISK,DENY
21.67,14,59.13,87.35,79.77,26.03,HIGH_RISK,DENY
86.98,1,6.01,0.71,4.44,86.87,NORMAL,ALLOW
14.0,16,70.87,95.03,71.3,19.33,HIGH_RISK,DENY
4.25,13,80.05,75.06,80.2,3.99,HIGH_RISK,DENY
41.0,5,27.13,51.32,25.18,64.34,SUSPICIOUS,LIMITED
55.55,5,26.79,54.62,56.27,62.9,SUSPICIOUS,LIMITED
6.42,7,96.2,78.39,79.86,15.5,HIGH_RISK,DENY
46.16,3,16.71,54.19,35.82,53.59,SUSPICIOUS,LIMITED
25.54,10,80.18,90.5,99.2,16.75,HIGH_RISK,DENY
96.58,1,4.32,0.98,0.48,96.22,NORMAL,ALLOW
59.58,3,40.38,42.7,44.81,72.0,SUSPICIOUS,LIMITED
14.9,11,95.72,88.83,73.2,32.08,HIGH_RISK,DENY
49.86,2,39.17,42.31,38.59,63.65,SUSPICIOUS,LIMITED
90.76,1,5.56,8.32,9.82,89.35,NORMAL,ALLOW
92.15,0,3.62,0.22,8.69,100.0,NORMAL,ALLOW
71.62,2,26.01,44.04,26.63,66.39,SUSPICIOUS,LIMITED
97.15,1,4.72,12.1,2.57,83.09,NORMAL,ALLOW
26.69,10,118.78,89.8,82.73,28.36,HIGH_RISK,DENY
42.17,2,29.8,36.48,21.42,56.36,SUSPICIOUS,LIMITED
51.15,6,45.14,58.4,29.95,72.0,SUSPICIOUS,LIMITED
12.05,6,86.55,84.46,84.13,20.09,HIGH_RISK,DENY
12.05,9,94.32,71.19,74.81,38.0,HIGH_RISK,DENY
46.84,3,28.17,54.16,40.85,67.0,SUSPICIOUS,LIMITED
39.76,3,33.23,47.48,36.8,68.68,SUSPICIOUS,LIMITED
100.0,1,4.35,18.0,0.55,92.01,NORMAL,ALLOW
29.85,6,95.92,76.68,77.08,23.9,HIGH_RISK,DENY
96.39,0,1.59,3.63,1.84,87.36,NORMAL,ALLOW
100.0,0,4.45,6.32,10.5,94.16,NORMAL,ALLOW
4.54,12,63.87,70.07,68.4,20.21,HIGH_RISK,DENY
54.19,5,23.8,39.33,35.48,58.08,SUSPICIOUS,LIMITED
46.16,5,28.67,40.41,34.31,66.38,SUSPICIOUS,LIMITED
69.11,5,34.45,41.59,47.59,57.49,SUSPICIOUS,LIMITED
87.72,0,8.19,4.51,2.83,90.82,NORMAL,ALLOW
88.87,0,3.09,7.05,1.7,96.54,NORMAL,ALLOW
93.57,0,1.67,2.82,6.52,89.34,NORMAL,ALLOW
49.44,2,22.09,44.42,31.79,71.17,SUSPICIOUS,LIMITED
63.58,2,29.28,31.24,38.21,67.07,SUSPICIOUS,LIMITED
18.51,8,58.42,78.36,86.36,12.3,HIGH_RISK,DENY
82.24,0,7.72,1.8,1.02,90.58,NORMAL,ALLOW
8.26,13,87.4,77.51,90.47,30.45,HIGH_RISK,DENY
97.29,0,3.97,0.05,1.98,90.69,NORMAL,ALLOW
51.25,3,32.82,46.65,29.99,46.8,SUSPICIOUS,LIMITED
50.07,4,31.8,43.4,21.56,47.68,SUSPICIOUS,LIMITED
97.46,0,8.27,2.6,1.42,97.36,NORMAL,ALLOW
100.0,0,3.42,4.4,0.75,90.08,NORMAL,ALLOW
51.91,4,27.52,57.3,65.62,50.39,SUSPICIOUS,LIMITED
85.26,0,2.03,1.75,1.62,88.17,NORMAL,ALLOW
93.76,1,5.75,1.75,3.26,93.09,NORMAL,ALLOW
52.07,2,26.58,37.51,27.57,72.0,SUSPICIOUS,LIMITED
15.12,7,82.22,92.63,76.88,25.65,HIGH_RISK,DENY
90.42,0,3.51,9.04,1.25,88.93,NORMAL,ALLOW
92.13,0,4.37,2.25,0.1,84.51,NORMAL,ALLOW
67.51,2,25.83,48.42,49.25,46.96,SUSPICIOUS,LIMITED
20.88,8,100.33,100.0,75.78,27.18,HIGH_RISK,DENY
20.71,10,78.35,87.33,77.43,21.83,HIGH_RISK,DENY
97.79,0,5.09,1.87,0.21,95.33,NORMAL,ALLOW
93.45,0,3.95,0.06,5.57,92.02,NORMAL,ALLOW
60.83,3,16.69,53.62,35.48,66.94,SUSPICIOUS,LIMITED
49.3,4,30.54,37.93,33.51,58.53,SUSPICIOUS,LIMITED
62.72,4,24.18,46.15,53.66,49.49,SUSPICIOUS,LIMITED
17.59,6,73.76,77.43,88.84,22.18,HIGH_RISK,DENY
93.22,0,7.45,8.46,3.57,97.92,NORMAL,ALLOW
49.3,2,23.83,22.0,46.87,72.0,SUSPICIOUS,LIMITED
85.4,0,4.77,1.08,1.06,100.0,NORMAL,ALLOW
15.12,12,90.22,85.41,75.05,19.42,HIGH_RISK,DENY
11.79,8,101.56,92.76,80.97,31.17,HIGH_RISK,DENY
54.29,6,24.82,46.48,31.21,56.52,SUSPICIOUS,LIMITED
88.81,0,8.74,8.42,3.13,100.0,NORMAL,ALLOW
88.62,1,3.98,1.36,0.8,83.49,NORMAL,ALLOW
56.56,3,32.6,51.93,48.27,55.73,SUSPICIOUS,LIMITED
7.45,8,86.29,81.26,86.71,25.86,HIGH_RISK,DENY
55.49,4,18.54,41.12,50.64,48.25,SUSPICIOUS,LIMITED
88.43,0,4.14,2.98,1.33,96.73,NORMAL,ALLOW
92.53,0,3.17,0.87,12.21,83.54,NORMAL,ALLOW
89.27,0,4.48,1.34,0.2,88.57,NORMAL,ALLOW
58.87,2,22.33,51.0,47.97,71.23,SUSPICIOUS,LIMITED
3.33,6,81.66,86.77,86.32,29.14,HIGH_RISK,DENY
9.17,16,91.74,89.11,62.82,25.52,HIGH_RISK,DENY
92.07,1,6.15,4.9,0.89,96.36,NORMAL,ALLOW
20.66,8,106.06,83.48,79.66,19.47,HIGH_RISK,DENY
38.0,2,31.55,36.75,57.66,62.99,SUSPICIOUS,LIMITED
53.44,4,27.72,50.57,40.93,47.5,SUSPICIOUS,LIMITED
12.58,7,83.78,85.51,100.0,8.64,HIGH_RISK,DENY
54.13,6,22.58,40.13,37.72,69.28,SUSPICIOUS,LIMITED
89.28,0,3.94,1.46,3.82,94.44,NORMAL,ALLOW
28.08,9,100.05,86.82,65.74,17.64,HIGH_RISK,DENY
21.99,7,75.54,75.93,57.82,14.07,HIGH_RISK,DENY
25.72,11,60.38,68.22,95.67,22.41,HIGH_RISK,DENY
21.96,13,96.35,74.21,70.68,23.96,HIGH_RISK,DENY
100.0,0,3.03,0.02,0.96,89.31,NORMAL,ALLOW
17.16,11,64.14,97.98,71.86,27.92,HIGH_RISK,DENY
93.22,0,9.32,4.43,0.03,88.72,NORMAL,ALLOW
13.21,11,88.84,73.75,100.0,17.8,HIGH_RISK,DENY
63.45,3,19.35,45.71,50.22,65.24,SUSPICIOUS,LIMITED
84.76,0,6.48,12.69,4.84,92.13,NORMAL,ALLOW
10.55,12,86.43,83.49,65.73,21.5,HIGH_RISK,DENY
11.89,6,62.26,73.9,91.79,24.16,HIGH_RISK,DENY
8.44,6,99.66,89.28,80.54,24.26,HIGH_RISK,DENY
61.67,5,14.38,32.65,23.57,51.31,SUSPICIOUS,LIMITED
92.75,2,4.83,2.04,4.02,95.34,NORMAL,ALLOW
66.66,6,25.4,47.81,44.78,59.46,SUSPICIOUS,LIMITED
6.91,9,87.69,90.96,77.86,27.72,HIGH_RISK,DENY
8.66,14,70.17,98.16,94.61,27.51,HIGH_RISK,DENY
15.72,6,68.93,89.4,81.34,11.59,HIGH_RISK,DENY
96.33,0,3.92,9.15,0.8,91.47,NORMAL,ALLOW
18.44,13,91.92,65.03,59.22,18.31,HIGH_RISK,DENY
72.0,4,29.86,35.94,31.06,59.52,SUSPICIOUS,LIMITED
86.89,1,2.67,0.93,0.19,87.97,NORMAL,ALLOW
51.82,3,30.06,53.6,48.45,56.83,SUSPICIOUS,LIMITED
22.49,12,60.93,81.4,61.91,27.82,HIGH_RISK,DENY
96.13,0,1.58,5.02,4.33,84.78,NORMAL,ALLOW
50.64,3,22.06,22.65,49.69,64.57,SUSPICIOUS,LIMITED
22.06,10,59.01,68.86,89.97,10.9,HIGH_RISK,DENY
14.48,10,88.34,91.82,87.38,11.28,HIGH_RISK,DENY
47.81,4,25.27,39.79,51.56,59.83,SUSPICIOUS,LIMITED
91.8,0,4.84,2.74,1.11,90.35,NORMAL,ALLOW
52.11,2,29.07,49.14,39.69,62.79,SUSPICIOUS,LIMITED
89.13,0,5.65,0.1,4.02,100.0,NORMAL,ALLOW
52.52,4,28.74,49.19,32.22,63.03,SUSPICIOUS,LIMITED
89.49,0,3.89,18.0,1.13,98.17,NORMAL,ALLOW
92.12,0,4.17,2.89,10.13,92.69,NORMAL,ALLOW
81.81,0,6.5,3.18,2.54,92.41,NORMAL,ALLOW
48.23,4,32.22,47.02,60.14,54.62,SUSPICIOUS,LIMITED
56.33,2,35.14,45.36,37.08,54.49,SUSPICIOUS,LIMITED
44.5,3,27.76,47.48,52.39,48.63,SUSPICIOUS,LIMITED
89.77,0,6.43,0.25,2.77,90.35,NORMAL,ALLOW
87.17,0,3.86,0.87,0.36,82.96,NORMAL,ALLOW
14.46,6,81.67,80.48,89.05,17.9,HIGH_RISK,DENY
14.43,10,61.56,83.4,76.85,13.91,HIGH_RISK,DENY
57.19,2,28.72,53.33,52.64,61.43,SUSPICIOUS,LIMITED
26.09,7,107.79,82.24,81.54,29.31,HIGH_RISK,DENY
9.31,6,86.81,88.87,76.41,9.86,HIGH_RISK,DENY
15.12,11,90.16,80.39,71.45,18.53,HIGH_RISK,DENY
92.98,2,3.92,3.99,3.54,100.0,NORMAL,ALLOW
52.7,2,24.91,61.04,26.33,72.0,SUSPICIOUS,LIMITED
38.0,6,25.53,36.06,31.84,51.02,SUSPICIOUS,LIMITED
91.63,1,3.03,14.15,2.13,87.65,NORMAL,ALLOW
47.78,6,14.0,68.0,46.24,72.0,SUSPICIOUS,LIMITED
50.8,2,33.08,30.98,59.98,57.08,SUSPICIOUS,LIMITED
18.9,11,79.45,86.17,93.96,31.58,HIGH_RISK,DENY
11.93,11,81.28,87.38,84.58,19.77,HIGH_RISK,DENY
47.83,3,19.77,44.11,33.62,43.9,SUSPICIOUS,LIMITED
7.89,13,77.75,97.9,79.86,13.96,HIGH_RISK,DENY
38.0,5,21.04,48.03,49.09,54.74,SUSPICIOUS,LIMITED
38.42,5,25.2,39.91,33.94,62.72,SUSPICIOUS,LIMITED
51.15,2,17.74,52.4,38.82,60.11,SUSPICIOUS,LIMITED
51.61,4,28.03,46.36,33.28,60.13,SUSPICIOUS,LIMITED
6.72,10,98.54,78.91,75.29,18.75,HIGH_RISK,DENY
16.27,9,91.79,83.85,94.64,20.38,HIGH_RISK,DENY
17.62,12,84.91,88.42,78.2,23.74,HIGH_RISK,DENY
87.05,0,6.4,0.21,1.85,84.08,NORMAL,ALLOW
18.18,9,98.4,83.56,86.39,16.77,HIGH_RISK,DENY
10.42,6,65.25,88.34,94.27,14.8,HIGH_RISK,DENY
90.2,0,3.81,5.22,1.59,94.09,NORMAL,ALLOW
19.04,8,78.76,82.51,62.72,21.42,HIGH_RISK,DENY
49.17,4,24.17,46.8,59.7,64.56,SUSPICIOUS,LIMITED
67.48,2,40.95,43.61,56.53,63.62,SUSPICIOUS,LIMITED
86.99,0,5.11,3.03,0.17,91.75,NORMAL,ALLOW
49.54,5,32.86,37.16,35.65,44.29,SUSPICIOUS,LIMITED
48.95,3,30.75,34.92,65.36,67.61,SUSPICIOUS,LIMITED
89.38,1,6.5,4.68,0.78,91.31,NORMAL,ALLOW
89.39,0,4.99,2.96,3.56,95.85,NORMAL,ALLOW
4.44,11,81.79,90.63,74.5,28.76,HIGH_RISK,DENY
20.01,6,74.46,80.07,75.42,28.29,HIGH_RISK,DENY
15.48,9,94.9,80.85,88.08,19.57,HIGH_RISK,DENY
91.98,0,4.55,7.91,5.39,91.77,NORMAL,ALLOW
54.3,5,29.35,52.92,34.64,64.91,SUSPICIOUS,LIMITED
5.73,11,85.0,98.15,93.8,30.12,HIGH_RISK,DENY
47.11,6,39.55,53.04,33.04,70.35,SUSPICIOUS,LIMITED
93.14,0,1.0,0.76,0.15,89.91,NORMAL,ALLOW
90.82,0,4.32,4.7,2.13,81.14,NORMAL,ALLOW
16.1,9,81.49,89.83,84.0,18.41,HIGH_RISK,DENY
91.46,0,4.77,3.11,0.28,85.17,NORMAL,ALLOW
21.67,7,111.66,81.55,76.68,26.26,HIGH_RISK,DENY
93.16,1,5.04,5.26,1.9,94.59,NORMAL,ALLOW
20.75,11,91.75,95.69,78.0,20.4,HIGH_RISK,DENY
92.34,0,1.52,0.34,8.05,97.4,NORMAL,ALLOW
91.52,0,4.38,0.51,5.99,94.53,NORMAL,ALLOW
16.82,10,50.39,92.42,78.0,15.44,HIGH_RISK,DENY
89.68,0,4.3,0.35,0.04,88.57,NORMAL,ALLOW
24.74,6,68.78,92.57,75.71,34.11,HIGH_RISK,DENY
61.87,2,26.49,58.77,57.88,50.66,SUSPICIOUS,LIMITED
85.62,0,8.87,6.74,2.14,86.36,NORMAL,ALLOW
22.87,6,96.45,93.56,88.15,28.79,HIGH_RISK,DENY
90.04,0,7.12,5.55,0.38,93.62,NORMAL,ALLOW
89.48,1,3.81,2.31,3.71,93.9,NORMAL,ALLOW
61.28,2,20.46,50.59,46.01,57.83,SUSPICIOUS,LIMITED
14.43,13,112.71,77.1,76.03,23.75,HIGH_RISK,DENY
53.45,4,39.13,28.85,55.38,49.26,SUSPICIOUS,LIMITED
12.59,13,95.6,78.31,100.0,13.6,HIGH_RISK,DENY
46.49,4,26.84,48.96,34.52,50.25,SUSPICIOUS,LIMITED
42.59,4,20.21,27.28,42.66,66.15,SUSPICIOUS,LIMITED
94.5,0,4.16,6.93,0.62,89.15,NORMAL,ALLOW
38.0,3,21.14,49.77,36.83,56.39,SUSPICIOUS,LIMITED
63.03,2,20.91,49.45,55.93,61.53,SUSPICIOUS,LIMITED
90.79,0,4.26,0.1,0.77,89.41,NORMAL,ALLOW
52.97,2,26.28,52.52,25.53,62.57,SUSPICIOUS,LIMITED
92.34,2,6.04,8.11,4.15,85.68,NORMAL,ALLOW
92.66,1,4.23,2.15,11.25,95.48,NORMAL,ALLOW
21.46,7,115.96,94.65,83.71,33.06,HIGH_RISK,DENY
93.56,1,2.64,0.86,3.03,92.74,NORMAL,ALLOW
20.97,10,78.96,84.94,78.61,27.94,HIGH_RISK,DENY
23.71,11,89.54,84.14,69.08,31.77,HIGH_RISK,DENY
60.94,3,25.34,46.11,29.97,54.01,SUSPICIOUS,LIMITED
15.66,15,77.74,93.84,80.14,19.87,HIGH_RISK,DENY
46.05,2,38.5,52.27,41.56,60.11,SUSPICIOUS,LIMITED
43.21,2,25.3,41.73,45.45,49.01,SUSPICIOUS,LIMITED
50.67,6,44.0,46.76,35.88,57.85,SUSPICIOUS,LIMITED
3.45,13,89.82,91.07,86.03,18.78,HIGH_RISK,DENY
50.54,2,23.52,41.31,37.89,54.24,SUSPICIOUS,LIMITED
89.41,0,3.67,1.0,0.56,97.15,NORMAL,ALLOW
64.2,2,19.13,40.2,54.44,62.68,SUSPICIOUS,LIMITED
16.57,8,96.68,85.72,74.59,20.13,HIGH_RISK,DENY
67.73,6,29.39,40.68,55.33,58.27,SUSPICIOUS,LIMITED
14.76,8,70.93,86.88,69.38,23.07,HIGH_RISK,DENY
21.62,6,76.75,86.39,78.89,33.72,HIGH_RISK,DENY
61.41,3,25.57,59.24,58.65,66.5,SUSPICIOUS,LIMITED
49.2,3,19.49,63.2,38.12,52.96,SUSPICIOUS,LIMITED
92.65,1,5.39,0.0,0.68,95.42,NORMAL,ALLOW
67.69,2,15.86,35.13,41.69,72.0,SUSPICIOUS,LIMITED
13.68,6,84.35,96.63,83.99,22.76,HIGH_RISK,DENY
17.83,6,57.41,86.42,75.67,6.31,HIGH_RISK,DENY
42.18,2,27.93,49.65,56.51,61.4,SUSPICIOUS,LIMITED
7.86,6,72.47,74.92,81.97,31.21,HIGH_RISK,DENY
92.34,1,3.63,0.7,5.48,93.33,NORMAL,ALLOW
90.5,0,1.15,6.39,0.35,93.48,NORMAL,ALLOW
9.85,12,114.6,85.28,100.0,21.86,HIGH_RISK,DENY
92.85,1,6.06,0.49,0.68,97.14,NORMAL,ALLOW
54.55,4,32.51,53.25,34.66,43.56,SUSPICIOUS,LIMITED
57.15,3,22.63,45.88,48.99,67.98,SUSPICIOUS,LIMITED
23.68,6,95.52,80.61,69.83,23.86,HIGH_RISK,DENY
8.98,10,101.24,92.95,76.56,16.41,HIGH_RISK,DENY
53.86,3,20.39,45.28,32.7,63.7,SUSPICIOUS,LIMITED
51.09,3,33.31,54.89,54.19,58.05,SUSPICIOUS,LIMITED
58.19,2,31.29,55.62,30.07,59.05,SUSPICIOUS,LIMITED
3.02,9,98.66,82.84,77.25,33.47,HIGH_RISK,DENY
21.41,9,96.04,86.46,71.22,38.0,HIGH_RISK,DENY
88.16,1,5.54,1.27,2.42,90.72,NORMAL,ALLOW
49.25,2,42.18,53.51,31.68,55.03,SUSPICIOUS,LIMITED
88.61,0,4.58,0.29,5.05,91.81,NORMAL,ALLOW
1.55,12,72.23,82.66,81.45,21.81,HIGH_RISK,DENY
23.17,6,76.43,79.46,100.0,19.67,HIGH_RISK,DENY
46.01,4,26.28,37.34,60.25,52.3,SUSPICIOUS,LIMITED
57.45,3,30.42,50.91,36.83,67.5,SUSPICIOUS,LIMITED
18.1,8,81.56,81.76,79.56,11.11,HIGH_RISK,DENY
53.15,2,19.32,56.8,32.83,61.67,SUSPICIOUS,LIMITED
3.87,8,80.57,75.12,87.45,19.85,HIGH_RISK,DENY
14.99,7,105.6,85.56,71.99,18.98,HIGH_RISK,DENY
58.45,2,26.56,50.93,39.21,41.23,SUSPICIOUS,LIMITED
92.48,2,3.02,1.75,0.47,94.55,NORMAL,ALLOW
55.37,2,22.74,42.42,51.47,68.91,SUSPICIOUS,LIMITED
7.56,16,54.14,85.48,63.44,13.2,HIGH_RISK,DENY
12.37,11,113.11,79.49,87.22,22.1,HIGH_RISK,DENY
47.11,4,16.02,32.01,18.0,52.44,SUSPICIOUS,LIMITED
61.66,2,19.65,37.27,41.61,63.71,SUSPICIOUS,LIMITED
87.37,0,5.0,3.04,0.54,94.62,NORMAL,ALLOW
14.15,8,102.7,69.82,71.45,27.27,HIGH_RISK,DENY
20.88,6,110.14,77.78,84.52,16.24,HIGH_RISK,DENY
94.22,0,6.59,5.24,0.18,90.98,NORMAL,ALLOW
90.03,1,1.62,6.1,5.53,85.69,NORMAL,ALLOW
23.18,11,106.74,94.27,65.48,15.85,HIGH_RISK,DENY
96.07,0,9.56,3.75,1.57,91.11,NORMAL,ALLOW
57.49,3,21.86,53.77,50.88,51.49,SUSPICIOUS,LIMITED
44.7,6,25.69,43.35,53.3,58.24,SUSPICIOUS,LIMITED
42.04,6,18.92,41.56,40.83,44.07,SUSPICIOUS,LIMITED
91.35,0,8.61,0.32,0.64,91.01,NORMAL,ALLOW
86.47,0,1.47,4.82,0.97,92.07,NORMAL,ALLOW
28.61,8,96.57,90.28,82.69,12.79,HIGH_RISK,DENY
21.55,13,82.92,81.99,73.56,33.73,HIGH_RISK,DENY
93.97,1,1.0,1.61,0.14,89.7,NORMAL,ALLOW
92.3,0,6.23,3.63,6.19,96.41,NORMAL,ALLOW
83.69,1,3.64,15.48,1.23,86.23,NORMAL,ALLOW
89.64,0,1.46,0.51,1.98,90.92,NORMAL,ALLOW
95.72,0,2.09,2.05,6.31,92.34,NORMAL,ALLOW
14.87,11,78.1,85.26,75.45,24.55,HIGH_RISK,DENY
25.77,15,107.93,91.46,72.34,19.99,HIGH_RISK,DENY
52.15,4,33.06,41.86,53.83,65.89,SUSPICIOUS,LIMITED
21.0,12,72.31,73.3,77.33,27.65,HIGH_RISK,DENY
55.47,3,14.0,45.64,61.12,60.47,SUSPICIOUS,LIMITED
16.17,13,64.56,80.54,82.69,30.03,HIGH_RISK,DENY
93.45,0,5.43,3.41,0.91,90.88,NORMAL,ALLOW
85.77,0,5.9,3.62,0.55,92.07,NORMAL,ALLOW
56.87,6,24.93,44.3,30.56,49.89,SUSPICIOUS,LIMITED
84.37,0,6.24,3.23,1.77,97.42,NORMAL,ALLOW
13.5,9,64.65,94.12,57.44,26.52,HIGH_RISK,DENY
60.7,4,44.4,54.12,41.21,72.0,SUSPICIOUS,LIMITED
86.16,0,5.81,0.75,5.67,89.71,NORMAL,ALLOW
90.64,0,2.76,4.47,5.31,88.32,NORMAL,ALLOW
58.3,5,37.2,40.61,36.5,62.93,SUSPICIOUS,LIMITED
99.62,0,7.95,0.26,0.28,88.12,NORMAL,ALLOW
78.9,2,4.7,3.39,1.24,89.53,NORMAL,ALLOW
49.62,6,29.12,44.32,42.28,47.85,SUSPICIOUS,LIMITED
95.79,0,4.97,0.67,1.25,91.29,NORMAL,ALLOW
90.83,1,5.25,6.62,2.19,92.88,NORMAL,ALLOW
46.48,6,28.99,58.74,28.01,65.37,SUSPICIOUS,LIMITED
92.97,0,7.3,0.25,0.74,91.15,NORMAL,ALLOW
88.42,0,6.82,2.72,2.32,86.54,NORMAL,ALLOW
53.52,2,22.12,34.63,33.56,69.52,SUSPICIOUS,LIMITED
94.52,0,5.46,4.28,0.83,91.92,NORMAL,ALLOW
28.55,14,118.33,82.77,80.33,29.46,HIGH_RISK,DENY
45.55,3,31.85,50.66,42.18,59.7,SUSPICIOUS,LIMITED
5.89,8,82.93,76.78,64.82,25.53,HIGH_RISK,DENY
52.78,2,25.3,52.77,35.57,50.11,SUSPICIOUS,LIMITED
66.99,6,29.0,44.37,36.01,67.51,SUSPICIOUS,LIMITED
21.38,11,69.76,92.68,93.07,19.96,HIGH_RISK,DENY
19.26,7,69.28,88.93,83.71,21.15,HIGH_RISK,DENY
16.41,9,119.56,84.98,79.63,19.83,HIGH_RISK,DENY
68.3,2,34.0,39.3,47.48,61.07,SUSPICIOUS,LIMITED
19.87,10,83.99,82.99,61.61,22.04,HIGH_RISK,DENY
45.7,3,38.41,39.73,36.95,51.27,SUSPICIOUS,LIMITED
49.43,6,23.66,55.44,43.62,48.27,SUSPICIOUS,LIMITED
51.27,2,35.63,42.75,40.05,51.44,SUSPICIOUS,LIMITED
39.01,3,17.57,54.32,36.58,64.14,SUSPICIOUS,LIMITED
100.0,0,6.79,12.65,1.93,96.04,NORMAL,ALLOW
15.72,6,105.91,86.92,82.71,14.9,HIGH_RISK,DENY
50.91,6,20.04,50.59,42.01,47.37,SUSPICIOUS,LIMITED
82.41,1,4.43,2.67,3.4,94.1,NORMAL,ALLOW
15.23,11,91.18,94.53,65.01,10.78,HIGH_RISK,DENY
40.63,3,27.65,43.48,26.58,72.0,SUSPICIOUS,LIMITED
18.61,11,85.88,94.84,65.48,21.64,HIGH_RISK,DENY
92.23,0,6.4,0.72,3.68,95.43,NORMAL,ALLOW
91.64,0,2.37,0.82,7.2,94.76,NORMAL,ALLOW
18.74,7,82.39,82.85,76.93,0.0,HIGH_RISK,DENY
15.55,13,99.17,92.47,91.38,21.97,HIGH_RISK,DENY
16.51,13,61.9,86.17,81.44,10.51,HIGH_RISK,DENY
87.7,0,6.01,3.61,1.99,96.14,NORMAL,ALLOW
100.0,0,9.91,2.78,2.78,85.24,NORMAL,ALLOW
25.44,10,113.73,84.05,74.04,18.2,HIGH_RISK,DENY
48.08,3,22.51,53.17,30.87,40.29,SUSPICIOUS,LIMITED
10.8,11,65.37,86.85,71.57,12.92,HIGH_RISK,DENY
43.17,3,24.52,56.13,56.73,63.57,SUSPICIOUS,LIMITED
9.02,7,82.46,86.93,78.08,8.98,HIGH_RISK,DENY
4.55,9,105.83,76.87,72.79,23.57,HIGH_RISK,DENY
11.47,16,63.29,67.51,82.94,18.03,HIGH_RISK,DENY
88.22,0,5.76,2.12,3.3,89.62,NORMAL,ALLOW
40.93,2,31.57,50.53,34.72,66.7,SUSPICIOUS,LIMITED
9.0,11,91.67,88.5,78.02,14.41,HIGH_RISK,DENY
27.62,9,75.01,100.0,94.0,28.35,HIGH_RISK,DENY
19.05,12,113.79,88.67,82.73,14.43,HIGH_RISK,DENY
69.14,6,42.27,54.46,40.46,59.65,SUSPICIOUS,LIMITED
89.77,0,5.55,8.05,3.65,98.61,NORMAL,ALLOW
72.0,2,19.32,42.64,41.16,50.67,SUSPICIOUS,LIMITED
58.27,2,28.52,49.73,45.91,53.82,SUSPICIOUS,LIMITED
41.75,4,40.21,41.65,28.89,72.0,SUSPICIOUS,LIMITED
89.55,0,6.22,1.63,2.03,83.86,NORMAL,ALLOW
45.71,6,27.43,59.19,35.47,65.72,SUSPICIOUS,LIMITED
19.36,7,62.62,88.83,69.69,23.79,HIGH_RISK,DENY
95.45,0,4.61,2.26,0.02,94.59,NORMAL,ALLOW
24.01,14,110.42,86.31,100.0,17.8,HIGH_RISK,DENY
93.88,0,6.97,2.17,0.15,93.74,NORMAL,ALLOW
98.83,0,5.44,0.23,1.69,94.4,NORMAL,ALLOW
82.98,0,8.95,0.94,7.68,86.91,NORMAL,ALLOW
91.08,0,6.2,8.59,5.25,94.51,NORMAL,ALLOW
96.66,0,1.0,0.77,0.7,80.85,NORMAL,ALLOW
85.55,0,1.63,8.27,1.77,92.38,NORMAL,ALLOW
95.74,0,4.0,10.86,0.12,96.31,NORMAL,ALLOW
15.99,11,103.56,83.73,81.6,19.07,HIGH_RISK,DENY
52.95,6,25.18,40.12,55.56,43.58,SUSPICIOUS,LIMITED
19.5,10,95.95,75.86,80.25,22.99,HIGH_RISK,DENY
99.97,0,6.8,2.89,2.88,89.88,NORMAL,ALLOW
16.55,14,84.34,78.14,62.12,0.0,HIGH_RISK,DENY
62.08,6,24.63,47.98,31.17,55.84,SUSPICIOUS,LIMITED
59.25,4,23.75,52.7,46.17,67.91,SUSPICIOUS,LIMITED
87.87,0,4.96,0.68,0.66,94.05,NORMAL,ALLOW
97.29,0,5.63,7.86,4.36,96.73,NORMAL,ALLOW
100.0,0,4.04,2.52,5.87,87.77,NORMAL,ALLOW
65.2,4,30.82,36.62,41.87,52.51,SUSPICIOUS,LIMITED
48.03,4,31.53,47.51,25.17,72.0,SUSPICIOUS,LIMITED
21.81,11,83.05,81.7,100.0,28.6,HIGH_RISK,DENY
50.19,6,21.34,47.72,44.47,49.97,SUSPICIOUS,LIMITED
42.36,4,19.2,44.91,28.57,39.8,SUSPICIOUS,LIMITED
53.84,5,20.84,48.38,58.87,70.69,SUSPICIOUS,LIMITED
54.25,3,34.65,57.74,37.53,51.18,SUSPICIOUS,LIMITED
94.85,0,6.95,18.0,1.28,95.02,NORMAL,ALLOW
63.42,2,28.53,45.82,43.64,57.23,SUSPICIOUS,LIMITED
21.04,8,56.33,87.35,76.2,38.0,HIGH_RISK,DENY
98.78,0,7.28,3.25,8.09,80.9,NORMAL,ALLOW
49.2,2,21.85,44.09,29.9,65.87,SUSPICIOUS,LIMITED
26.01,11,107.61,88.39,77.82,13.78,HIGH_RISK,DENY
89.6,1,7.78,1.04,4.1,97.87,NORMAL,ALLOW
16.39,9,71.52,100.0,64.01,22.64,HIGH_RISK,DENY
81.63,0,5.53,3.12,1.71,91.89,NORMAL,ALLOW
88.49,1,1.3,6.29,3.11,92.54,NORMAL,ALLOW
90.73,1,4.85,0.54,3.09,91.15,NORMAL,ALLOW
56.47,2,24.58,45.23,48.96,46.24,SUSPICIOUS,LIMITED
92.57,0,1.0,1.78,7.2,90.42,NORMAL,ALLOW
59.91,5,27.51,36.85,22.18,56.22,SUSPICIOUS,LIMITED
87.86,1,8.28,6.96,0.25,96.79,NORMAL,ALLOW
87.92,0,5.7,1.32,4.04,95.92,NORMAL,ALLOW
63.7,4,27.3,34.18,51.76,68.52,SUSPICIOUS,LIMITED
51.93,2,18.13,50.63,33.6,53.16,SUSPICIOUS,LIMITED
18.22,6,102.01,83.69,54.29,12.21,HIGH_RISK,DENY
89.12,0,1.97,0.62,1.89,94.4,NORMAL,ALLOW
17.28,8,58.9,89.41,79.34,26.42,HIGH_RISK,DENY
10.14,9,90.56,84.63,73.76,5.67,HIGH_RISK,DENY
91.42,0,4.78,5.41,11.26,90.25,NORMAL,ALLOW
18.39,7,115.36,75.65,84.05,27.59,HIGH_RISK,DENY
85.11,0,6.76,9.39,3.81,93.05,NORMAL,ALLOW
49.48,3,28.35,54.35,41.87,42.55,SUSPICIOUS,LIMITED
14.85,6,119.97,85.08,50.0,17.46,HIGH_RISK,DENY
93.81,0,7.2,0.99,4.17,82.32,NORMAL,ALLOW
51.14,3,31.65,40.61,70.0,53.73,SUSPICIOUS,LIMITED
17.13,8,60.35,70.19,65.46,22.72,HIGH_RISK,DENY
15.22,6,113.43,85.58,60.27,12.62,HIGH_RISK,DENY
90.39,0,5.53,0.47,0.36,87.32,NORMAL,ALLOW
91.8,0,4.88,2.32,0.27,89.93,NORMAL,ALLOW
11.11,8,86.51,95.96,76.49,23.68,HIGH_RISK,DENY
18.28,7,84.54,82.56,80.82,22.4,HIGH_RISK,DENY
87.71,1,10.34,2.02,4.47,84.09,NORMAL,ALLOW
86.35,0,4.15,1.29,0.81,90.12,NORMAL,ALLOW
60.43,2,32.87,47.13,37.38,65.5,SUSPICIOUS,LIMITED
13.92,14,90.63,88.43,83.75,15.38,HIGH_RISK,DENY
94.06,0,7.78,4.54,0.23,100.0,NORMAL,ALLOW
100.0,1,7.33,6.46,1.62,93.78,NORMAL,ALLOW
56.39,4,38.76,46.44,53.24,56.48,SUSPICIOUS,LIMITED
14.57,11,142.46,100.0,60.76,21.23,HIGH_RISK,DENY
93.83,0,1.0,1.02,3.27,87.77,NORMAL,ALLOW
49.41,3,17.82,63.73,33.69,55.91,SUSPICIOUS,LIMITED
23.95,13,106.07,81.71,74.41,26.13,HIGH_RISK,DENY
38.0,3,27.85,66.83,49.35,57.04,SUSPICIOUS,LIMITED
9.3,9,112.12,77.74,55.1,22.84,HIGH_RISK,DENY
19.32,11,72.87,89.58,99.57,10.61,HIGH_RISK,DENY
99.51,0,4.21,14.57,1.93,95.78,NORMAL,ALLOW
34.0,13,70.13,91.85,94.36,9.01,HIGH_RISK,DENY
95.85,1,7.45,0.38,3.62,96.85,NORMAL,ALLOW
21.37,6,97.71,91.92,90.52,15.49,HIGH_RISK,DENY
13.97,6,113.24,92.29,85.51,34.51,HIGH_RISK,DENY
58.17,6,24.28,27.76,42.48,50.09,SUSPICIOUS,LIMITED
100.0,0,7.25,2.27,1.68,88.54,NORMAL,ALLOW
96.75,0,3.16,18.0,0.15,87.03,NORMAL,ALLOW
95.17,0,5.61,9.31,1.55,81.9,NORMAL,ALLOW
20.21,7,77.87,88.47,69.58,21.61,HIGH_RISK,DENY
61.19,3,30.94,52.5,28.24,61.9,SUSPICIOUS,LIMITED
84.85,0,4.33,16.43,0.63,98.95,NORMAL,ALLOW
95.54,0,1.0,2.59,1.94,91.38,NORMAL,ALLOW
10.95,12,79.73,78.95,88.15,20.79,HIGH_RISK,DENY
85.1,0,4.6,4.94,3.69,87.98,NORMAL,ALLOW
90.14,0,6.04,0.23,0.6,91.07,NORMAL,ALLOW
94.02,0,11.07,0.44,1.42,98.31,NORMAL,ALLOW
17.24,8,115.93,72.12,83.04,24.76,HIGH_RISK,DENY
55.09,2,19.03,46.22,50.19,63.45,SUSPICIOUS,LIMITED
22.02,14,84.75,88.44,78.39,29.37,HIGH_RISK,DENY
18.53,11,76.35,91.56,60.6,16.05,HIGH_RISK,DENY
24.29,11,91.6,73.73,74.6,34.61,HIGH_RISK,DENY
10.45,10,95.5,87.81,69.63,25.53,HIGH_RISK,DENY
24.93,6,77.17,85.6,97.68,19.4,HIGH_RISK,DENY
89.43,0,2.34,6.8,2.4,91.69,NORMAL,ALLOW
49.64,2,18.42,42.85,36.48,70.81,SUSPICIOUS,LIMITED
92.57,1,4.27,1.66,3.58,85.04,NORMAL,ALLOW
9.0,14,50.34,75.64,68.16,12.65,HIGH_RISK,DENY
23.87,9,92.04,93.45,57.6,24.77,HIGH_RISK,DENY
6.72,10,71.27,82.0,83.29,22.74,HIGH_RISK,DENY
52.53,4,19.83,54.8,59.49,65.8,SUSPICIOUS,LIMITED
51.08,4,16.21,28.54,48.1,48.63,SUSPICIOUS,LIMITED
99.39,0,2.6,6.36,1.08,84.24,NORMAL,ALLOW
14.44,12,75.78,85.59,99.52,28.02,HIGH_RISK,DENY
38.76,6,20.33,64.66,35.5,51.14,SUSPICIOUS,LIMITED
57.95,2,29.35,47.6,46.59,69.7,SUSPICIOUS,LIMITED
54.88,3,15.7,58.38,49.59,58.22,SUSPICIOUS,LIMITED
3.03,7,66.8,80.01,83.56,23.81,HIGH_RISK,DENY
90.75,0,5.89,1.99,3.68,100.0,NORMAL,ALLOW
87.11,0,5.55,3.25,0.27,91.38,NORMAL,ALLOW
89.75,1,1.48,5.66,1.25,93.4,NORMAL,ALLOW
88.2,0,7.17,11.73,9.11,85.65,NORMAL,ALLOW
20.4,10,103.12,85.39,87.07,24.27,HIGH_RISK,DENY
6.35,14,85.33,98.61,84.85,18.47,HIGH_RISK,DENY
47.3,3,25.62,64.93,39.82,60.08,SUSPICIOUS,LIMITED
15.64,7,71.0,84.33,75.29,28.63,HIGH_RISK,DENY
95.55,0,5.67,3.5,1.53,95.72,NORMAL,ALLOW
52.65,2,30.22,40.96,54.66,64.58,SUSPICIOUS,LIMITED
86.47,0,7.13,1.86,1.56,90.3,NORMAL,ALLOW
88.81,0,2.73,0.41,2.54,95.0,NORMAL,ALLOW
7.97,8,116.21,92.77,95.35,9.67,HIGH_RISK,DENY
28.24,12,60.37,80.05,66.48,15.64,HIGH_RISK,DENY
51.28,4,27.14,40.06,32.6,58.63,SUSPICIOUS,LIMITED
83.94,1,7.06,7.11,13.49,98.55,NORMAL,ALLOW
23.42,8,74.7,91.45,90.14,16.15,HIGH_RISK,DENY
96.8,0,6.23,1.57,2.37,92.49,NORMAL,ALLOW
49.58,2,24.27,37.82,18.0,72.0,SUSPICIOUS,LIMITED
19.26,9,56.97,81.47,65.8,14.63,HIGH_RISK,DENY
16.3,11,90.68,78.53,78.13,28.02,HIGH_RISK,DENY
16.8,9,71.32,96.64,92.87,16.86,HIGH_RISK,DENY
23.48,10,109.99,91.21,92.29,28.69,HIGH_RISK,DENY
94.71,1,3.35,0.67,5.01,89.98,NORMAL,ALLOW
63.87,6,29.4,47.87,48.37,41.66,SUSPICIOUS,LIMITED
46.85,6,23.38,41.88,41.27,65.47,SUSPICIOUS,LIMITED
81.59,0,2.24,2.13,3.79,96.78,NORMAL,ALLOW
89.58,0,4.1,0.28,9.2,89.3,NORMAL,ALLOW
58.15,3,28.95,52.61,28.19,60.5,SUSPICIOUS,LIMITED
89.12,1,9.6,0.1,0.89,93.25,NORMAL,ALLOW
58.82,6,37.0,44.08,23.77,65.11,SUSPICIOUS,LIMITED
97.98,0,3.2,2.06,4.83,90.96,NORMAL,ALLOW
12.69,9,91.19,69.3,77.14,13.69,HIGH_RISK,DENY
23.34,10,68.21,72.84,65.0,5.24,HIGH_RISK,DENY
52.49,3,34.65,49.82,41.52,58.27,SUSPICIOUS,LIMITED
50.9,5,34.46,50.7,33.35,46.03,SUSPICIOUS,LIMITED
97.07,0,6.06,3.49,0.77,94.6,NORMAL,ALLOW
95.69,0,2.6,0.87,1.59,93.31,NORMAL,ALLOW
95.29,0,3.55,18.0,1.28,96.86,NORMAL,ALLOW
89.12,0,6.47,3.43,2.19,93.06,NORMAL,ALLOW
26.62,12,94.55,95.6,85.2,13.53,HIGH_RISK,DENY
55.62,6,19.08,34.5,33.0,67.7,SUSPICIOUS,LIMITED
48.71,2,28.16,42.45,42.05,67.35,SUSPICIOUS,LIMITED
63.2,4,16.5,52.18,56.41,62.64,SUSPICIOUS,LIMITED
99.26,0,7.82,3.4,4.06,87.66,NORMAL,ALLOW
99.52,0,3.43,13.24,3.79,87.94,NORMAL,ALLOW
90.56,0,5.54,2.24,0.83,94.37,NORMAL,ALLOW
100.0,0,4.67,0.03,2.03,89.19,NORMAL,ALLOW
53.58,4,25.7,54.88,22.9,65.07,SUSPICIOUS,LIMITED
49.81,3,32.85,49.4,26.75,60.26,SUSPICIOUS,LIMITED
90.62,0,6.95,1.79,4.5,81.11,NORMAL,ALLOW
59.58,3,24.94,41.92,53.3,60.62,SUSPICIOUS,LIMITED
27.91,9,98.43,75.55,83.84,10.15,HIGH_RISK,DENY
47.11,6,18.15,47.13,58.6,67.01,SUSPICIOUS,LIMITED
55.21,2,24.88,52.41,31.19,68.27,SUSPICIOUS,LIMITED
11.97,14,95.69,92.69,83.89,26.13,HIGH_RISK,DENY
47.63,2,29.75,50.27,39.01,58.7,SUSPICIOUS,LIMITED
1.94,15,66.56,94.35,93.63,13.51,HIGH_RISK,DENY
56.62,4,26.21,41.91,26.36,54.06,SUSPICIOUS,LIMITED
47.83,5,21.8,47.81,35.42,64.51,SUSPICIOUS,LIMITED
47.51,6,29.44,49.39,30.3,47.95,SUSPICIOUS,LIMITED
20.3,6,101.18,87.53,51.99,4.17,HIGH_RISK,DENY
82.06,1,1.34,0.36,1.14,93.44,NORMAL,ALLOW
50.06,4,14.0,56.91,46.18,51.44,SUSPICIOUS,LIMITED
97.16,0,1.0,6.14,3.96,88.82,NORMAL,ALLOW
60.63,5,22.05,45.39,20.33,50.51,SUSPICIOUS,LIMITED
22.24,6,81.94,94.71,76.1,26.68,HIGH_RISK,DENY
21.11,9,70.7,100.0,68.89,34.85,HIGH_RISK,DENY
15.01,10,85.26,81.86,71.79,27.16,HIGH_RISK,DENY
94.37,1,3.96,2.38,3.58,91.65,NORMAL,ALLOW
58.04,3,18.76,62.67,34.81,70.79,SUSPICIOUS,LIMITED
81.01,0,5.27,8.47,1.34,87.11,NORMAL,ALLOW
99.83,0,5.81,4.5,0.93,90.71,NORMAL,ALLOW
90.19,1,7.8,0.82,2.07,96.63,NORMAL,ALLOW
38.0,2,15.9,42.92,23.05,70.62,SUSPICIOUS,LIMITED
49.57,4,37.18,46.68,47.69,63.49,SUSPICIOUS,LIMITED
88.75,1,8.83,8.04,4.31,96.97,NORMAL,ALLOW
16.78,8,95.34,74.7,100.0,26.2,HIGH_RISK,DENY
23.95,9,87.0,86.8,75.99,18.79,HIGH_RISK,DENY
62.95,6,28.28,53.26,24.58,65.19,SUSPICIOUS,LIMITED
53.08,2,36.17,38.77,45.4,54.29,SUSPICIOUS,LIMITED
54.24,2,27.6,48.75,35.61,55.42,SUSPICIOUS,LIMITED
98.91,0,6.49,4.53,2.8,98.45,NORMAL,ALLOW
89.9,2,6.32,1.03,2.17,100.0,NORMAL,ALLOW
20.27,12,96.88,91.74,71.34,31.14,HIGH_RISK,DENY
58.78,3,16.52,56.98,43.91,64.42,SUSPICIOUS,LIMITED
17.91,7,78.88,83.21,88.92,11.06,HIGH_RISK,DENY
18.83,8,79.84,81.11,88.15,10.65,HIGH_RISK,DENY
5.96,13,49.43,80.7,61.42,26.12,HIGH_RISK,DENY
90.66,0,4.04,4.73,8.35,98.44,NORMAL,ALLOW
91.61,1,7.32,1.32,5.15,94.05,NORMAL,ALLOW
85.36,2,5.37,8.81,4.28,93.0,NORMAL,ALLOW
25.21,9,57.6,74.59,75.96,23.38,HIGH_RISK,DENY
94.0,0,5.75,13.94,1.93,88.43,NORMAL,ALLOW
92.49,0,3.76,0.0,1.21,96.25,NORMAL,ALLOW
14.51,14,95.99,78.07,80.72,28.76,HIGH_RISK,DENY
62.18,2,26.29,45.02,64.07,66.26,SUSPICIOUS,LIMITED
12.2,7,74.33,75.01,100.0,29.3,HIGH_RISK,DENY
68.94,2,23.5,54.32,51.73,60.13,SUSPICIOUS,LIMITED
48.01,2,22.09,42.11,45.25,58.89,SUSPICIOUS,LIMITED
53.8,3,26.56,49.52,43.11,61.23,SUSPICIOUS,LIMITED
88.14,1,3.26,1.51,3.38,94.73,NORMAL,ALLOW
93.35,0,5.92,1.6,2.02,88.14,NORMAL,ALLOW
54.6,5,29.69,58.08,18.0,65.29,SUSPICIOUS,LIMITED
85.09,0,6.02,17.83,1.43,86.93,NORMAL,ALLOW
22.12,12,86.28,84.32,100.0,16.04,HIGH_RISK,DENY
52.53,2,20.4,40.43,49.72,51.7,SUSPICIOUS,LIMITED
54.86,3,21.46,53.73,47.66,63.2,SUSPICIOUS,LIMITED
62.05,5,22.4,60.44,40.64,45.78,SUSPICIOUS,LIMITED
23.33,9,109.91,83.81,68.03,28.52,HIGH_RISK,DENY
19.46,9,91.21,84.75,70.89,17.08,HIGH_RISK,DENY
15.41,6,86.6,83.6,66.75,31.07,HIGH_RISK,DENY
60.38,2,24.84,50.41,31.52,62.63,SUSPICIOUS,LIMITED
57.06,6,31.19,41.58,63.09,41.71,SUSPICIOUS,LIMITED
56.38,2,23.92,51.39,37.06,72.0,SUSPICIOUS,LIMITED
30.0,11,76.09,86.03,74.45,20.78,HIGH_RISK,DENY
21.91,12,105.61,96.08,66.16,33.92,HIGH_RISK,DENY
51.09,6,28.28,35.61,51.24,53.53,SUSPICIOUS,LIMITED
51.0,4,21.72,50.46,63.07,68.32,SUSPICIOUS,LIMITED
59.17,2,33.57,36.56,49.08,61.11,SUSPICIOUS,LIMITED
99.22,0,6.88,3.32,7.4,83.27,NORMAL,ALLOW
87.38,0,7.15,8.22,12.35,90.63,NORMAL,ALLOW
100.0,0,5.13,3.16,0.02,92.34,NORMAL,ALLOW
94.04,0,4.49,6.72,5.85,86.63,NORMAL,ALLOW
8.97,11,137.61,96.84,76.32,27.5,HIGH_RISK,DENY
64.52,4,31.38,49.71,58.4,57.17,SUSPICIOUS,LIMITED
7.08,9,48.0,82.12,70.12,9.21,HIGH_RISK,DENY
16.11,9,100.65,85.49,90.5,24.07,HIGH_RISK,DENY
48.21,2,27.47,65.52,45.05,60.15,SUSPICIOUS,LIMITED
48.93,2,16.69,38.07,55.68,66.32,SUSPICIOUS,LIMITED
17.99,13,106.82,68.36,72.21,28.45,HIGH_RISK,DENY
56.73,2,19.9,57.78,23.95,55.19,SUSPICIOUS,LIMITED
52.42,2,26.4,39.03,27.55,55.39,SUSPICIOUS,LIMITED
48.77,5,27.89,49.63,56.08,58.17,SUSPICIOUS,LIMITED
22.33,6,95.45,72.75,86.21,12.94,HIGH_RISK,DENY
95.41,0,3.47,0.41,0.64,98.26,NORMAL,ALLOW
92.92,0,9.31,1.99,2.99,87.51,NORMAL,ALLOW
9.32,8,85.16,82.36,89.89,15.33,HIGH_RISK,DENY
88.88,0,5.42,12.85,1.77,89.86,NORMAL,ALLOW
92.75,0,3.65,2.82,0.26,100.0,NORMAL,ALLOW
22.68,6,62.13,84.06,61.15,13.44,HIGH_RISK,DENY
90.74,0,6.82,1.41,0.4,96.07,NORMAL,ALLOW
96.11,0,6.78,0.62,0.19,89.51,NORMAL,ALLOW
89.65,0,4.21,0.8,1.26,87.13,NORMAL,ALLOW
4.63,8,67.85,75.42,86.44,8.27,HIGH_RISK,DENY
11.04,9,80.81,97.57,100.0,30.16,HIGH_RISK,DENY
20.13,7,101.67,84.74,79.51,12.39,HIGH_RISK,DENY
83.43,0,4.6,3.9,9.78,95.23,NORMAL,ALLOW
46.06,2,16.22,55.22,60.17,55.21,SUSPICIOUS,LIMITED
15.46,6,95.03,78.97,80.09,25.14,HIGH_RISK,DENY
54.45,2,25.12,63.57,40.94,57.57,SUSPICIOUS,LIMITED
89.45,0,2.89,0.98,2.17,91.59,NORMAL,ALLOW
7.37,8,93.56,83.63,100.0,14.2,HIGH_RISK,DENY
48.87,3,21.04,37.8,46.97,62.1,SUSPICIOUS,LIMITED
50.19,2,26.43,45.15,27.67,72.0,SUSPICIOUS,LIMITED
85.1,0,5.38,1.93,1.16,96.1,NORMAL,ALLOW
20.98,10,78.88,84.5,84.08,26.18,HIGH_RISK,DENY
11.41,16,63.78,86.83,56.81,10.14,HIGH_RISK,DENY
39.98,2,16.27,35.58,46.21,60.84,SUSPICIOUS,LIMITED
93.04,0,4.51,7.33,0.82,86.71,NORMAL,ALLOW
7.61,6,80.36,89.83,79.8,20.21,HIGH_RISK,DENY
13.94,13,98.5,82.13,77.43,11.93,HIGH_RISK,DENY
21.67,8,60.93,83.77,71.41,31.16,HIGH_RISK,DENY
79.88,0,3.61,3.93,3.69,97.81,NORMAL,ALLOW
63.33,2,15.92,42.4,50.27,61.29,SUSPICIOUS,LIMITED
38.0,2,41.26,34.96,29.53,69.31,SUSPICIOUS,LIMITED
14.94,14,80.9,84.32,99.03,18.13,HIGH_RISK,DENY
61.74,6,30.37,55.69,38.97,49.89,SUSPICIOUS,LIMITED
88.11,1,6.63,3.52,0.74,93.76,NORMAL,ALLOW
89.3,0,4.72,4.31,10.71,94.0,NORMAL,ALLOW
84.33,0,3.59,0.71,4.91,81.55,NORMAL,ALLOW
42.81,3,32.8,40.29,37.15,48.82,SUSPICIOUS,LIMITED
54.93,2,25.62,50.36,51.94,63.92,SUSPICIOUS,LIMITED
99.27,0,2.5,3.71,0.77,89.45,NORMAL,ALLOW
92.55,2,3.8,4.98,7.18,91.43,NORMAL,ALLOW
91.04,0,6.53,5.87,0.17,93.98,NORMAL,ALLOW
92.58,0,2.15,0.58,3.36,93.32,NORMAL,ALLOW
48.95,6,19.23,55.87,56.99,43.34,SUSPICIOUS,LIMITED
0.0,8,85.13,93.88,76.52,26.4,HIGH_RISK,DENY
94.57,0,8.07,1.22,3.44,86.22,NORMAL,ALLOW
26.55,11,121.96,93.3,69.76,16.42,HIGH_RISK,DENY
97.27,0,5.12,6.5,3.82,92.49,NORMAL,ALLOW
51.43,3,23.78,45.86,36.16,57.9,SUSPICIOUS,LIMITED
89.67,0,3.25,2.65,3.14,84.84,NORMAL,ALLOW
0.03,12,85.87,85.1,64.71,18.79,HIGH_RISK,DENY
100.0,0,7.12,1.73,1.0,99.41,NORMAL,ALLOW
47.2,4,23.22,46.29,24.2,55.26,SUSPICIOUS,LIMITED
59.53,3,33.16,54.32,18.0,43.89,SUSPICIOUS,LIMITED
47.48,2,20.02,50.75,22.59,64.9,SUSPICIOUS,LIMITED
25.21,9,83.69,84.61,70.83,21.01,HIGH_RISK,DENY
15.23,10,97.57,93.3,78.52,7.38,HIGH_RISK,DENY
15.06,7,71.36,88.89,91.45,8.2,HIGH_RISK,DENY
57.94,2,15.56,36.25,55.64,70.46,SUSPICIOUS,LIMITED
31.16,9,89.2,79.19,81.13,9.04,HIGH_RISK,DENY
16.58,9,67.04,79.3,87.35,17.91,HIGH_RISK,DENY
72.0,3,17.42,42.92,41.83,69.8,SUSPICIOUS,LIMITED
89.22,0,7.07,0.2,10.23,94.08,NORMAL,ALLOW
28.99,13,74.8,88.34,90.91,7.43,HIGH_RISK,DENY
95.24,1,4.34,3.17,0.28,100.0,NORMAL,ALLOW
86.81,0,7.63,0.34,2.49,85.78,NORMAL,ALLOW
12.21,11,91.73,80.15,59.0,29.09,HIGH_RISK,DENY
54.74,3,23.3,50.04,63.08,72.0,SUSPICIOUS,LIMITED
91.26,0,6.73,0.8,0.43,94.96,NORMAL,ALLOW
95.78,0,2.8,4.67,4.91,85.9,NORMAL,ALLOW
50.42,2,19.65,63.94,19.12,68.21,SUSPICIOUS,LIMITED
55.29,4,24.15,35.78,57.18,45.43,SUSPICIOUS,LIMITED
21.11,6,77.97,92.65,83.4,4.4,HIGH_RISK,DENY
18.25,6,100.0,93.99,96.66,10.81,HIGH_RISK,DENY
46.66,2,42.47,23.97,46.71,56.49,SUSPICIOUS,LIMITED
60.97,4,36.54,38.42,23.49,58.64,SUSPICIOUS,LIMITED
5.6,8,82.05,84.95,89.49,13.99,HIGH_RISK,DENY
91.91,0,5.38,4.53,2.82,86.77,NORMAL,ALLOW
11.45,7,104.11,76.44,80.88,21.28,HIGH_RISK,DENY
43.85,3,29.41,55.01,51.61,49.89,SUSPICIOUS,LIMITED
57.57,5,30.98,53.62,42.91,45.19,SUSPICIOUS,LIMITED
92.43,0,6.1,0.56,4.39,89.76,NORMAL,ALLOW
10.51,7,73.3,75.75,80.1,26.07,HIGH_RISK,DENY
17.19,10,115.71,74.78,70.18,32.33,HIGH_RISK,DENY
9.29,8,87.04,92.62,66.89,25.39,HIGH_RISK,DENY
16.91,12,89.76,92.9,90.09,21.83,HIGH_RISK,DENY
61.76,6,17.18,50.52,38.34,51.15,SUSPICIOUS,LIMITED
14.52,10,89.27,64.43,66.07,17.49,HIGH_RISK,DENY
94.28,1,6.23,6.36,0.96,97.97,NORMAL,ALLOW
56.06,6,40.79,41.5,55.14,56.18,SUSPICIOUS,LIMITED
16.38,10,110.7,76.48,77.88,22.47,HIGH_RISK,DENY
60.74,3,34.01,39.97,68.22,60.26,SUSPICIOUS,LIMITED
51.39,2,18.37,48.05,27.66,46.86,SUSPICIOUS,LIMITED
19.6,14,90.54,90.81,92.15,26.73,HIGH_RISK,DENY
100.0,0,2.35,1.13,3.53,86.52,NORMAL,ALLOW
66.0,2,28.46,40.12,37.42,57.79,SUSPICIOUS,LIMITED
93.16,0,5.22,0.08,11.16,89.25,NORMAL,ALLOW
13.14,10,81.07,74.1,68.94,23.49,HIGH_RISK,DENY
93.69,0,3.82,9.97,1.82,91.02,NORMAL,ALLOW
72.0,2,31.31,46.46,36.91,47.91,SUSPICIOUS,LIMITED
84.96,0,1.0,1.61,1.38,99.39,NORMAL,ALLOW
63.49,3,26.89,37.5,38.58,59.86,SUSPICIOUS,LIMITED
91.16,0,4.28,2.58,3.39,86.0,NORMAL,ALLOW
86.59,0,5.08,7.0,3.81,85.25,NORMAL,ALLOW
89.9,0,7.41,2.5,1.73,94.72,NORMAL,ALLOW
59.01,2,27.3,43.33,20.08,44.66,SUSPICIOUS,LIMITED
43.79,3,23.18,30.1,18.0,51.82,SUSPICIOUS,LIMITED
90.81,0,6.43,7.6,1.22,93.14,NORMAL,ALLOW
89.87,0,2.08,0.41,4.4,91.29,NORMAL,ALLOW
6.29,9,89.22,91.06,69.73,13.87,HIGH_RISK,DENY
61.63,2,22.73,54.83,33.6,64.02,SUSPICIOUS,LIMITED
43.35,3,28.22,41.89,25.8,48.39,SUSPICIOUS,LIMITED
60.86,3,21.83,59.17,45.33,56.39,SUSPICIOUS,LIMITED
62.95,2,24.88,56.27,36.39,69.24,SUSPICIOUS,LIMITED
18.77,6,107.03,76.84,89.06,31.56,HIGH_RISK,DENY
91.83,0,7.58,7.03,1.94,89.05,NORMAL,ALLOW
82.8,0,5.92,2.05,0.55,100.0,NORMAL,ALLOW
21.51,8,61.05,82.95,77.04,26.36,HIGH_RISK,DENY
72.0,2,32.62,46.38,23.91,70.33,SUSPICIOUS,LIMITED
51.78,3,26.45,50.05,37.34,67.56,SUSPICIOUS,LIMITED
57.33,4,29.02,47.2,30.37,55.85,SUSPICIOUS,LIMITED
85.28,0,3.38,0.33,2.84,97.8,NORMAL,ALLOW
95.76,1,5.98,0.91,0.55,100.0,NORMAL,ALLOW
92.07,0,2.16,2.77,4.35,95.66,NORMAL,ALLOW
15.28,7,79.34,91.52,70.29,7.28,HIGH_RISK,DENY
17.86,11,54.1,72.4,73.72,22.14,HIGH_RISK,DENY
18.7,12,84.04,83.26,88.88,12.57,HIGH_RISK,DENY
83.73,0,7.57,17.48,2.5,95.67,NORMAL,ALLOW
88.13,1,3.64,2.65,0.53,90.57,NORMAL,ALLOW
89.8,1,2.04,1.2,5.17,95.19,NORMAL,ALLOW
89.7,1,7.1,1.79,4.57,98.28,NORMAL,ALLOW
81.79,0,4.47,9.77,0.25,90.48,NORMAL,ALLOW
89.41,0,6.31,4.44,4.0,89.67,NORMAL,ALLOW
96.86,0,7.03,6.12,6.73,93.63,NORMAL,ALLOW
40.06,5,33.78,42.44,40.91,51.48,SUSPICIOUS,LIMITED
55.32,3,28.04,35.81,66.1,72.0,SUSPICIOUS,LIMITED
90.83,0,1.0,0.95,0.57,92.79,NORMAL,ALLOW
54.01,2,34.89,56.0,38.94,51.59,SUSPICIOUS,LIMITED
23.4,13,76.45,75.82,80.59,30.35,HIGH_RISK,DENY
12.69,13,89.21,84.99,68.26,0.37,HIGH_RISK,DENY
45.14,2,25.51,43.95,37.97,58.53,SUSPICIOUS,LIMITED
87.01,0,8.1,2.03,4.57,94.0,NORMAL,ALLOW
86.35,0,5.08,2.76,4.07,92.1,NORMAL,ALLOW
54.75,3,24.34,50.14,46.95,50.08,SUSPICIOUS,LIMITED
22.72,11,65.6,81.87,82.2,23.83,HIGH_RISK,DENY
11.88,10,96.83,79.02,79.08,26.32,HIGH_RISK,DENY
10.94,9,71.43,79.75,81.64,22.31,HIGH_RISK,DENY
47.15,4,26.56,49.01,26.91,58.01,SUSPICIOUS,LIMITED
96.15,0,2.74,3.32,10.53,93.2,NORMAL,ALLOW
93.62,0,2.48,2.42,1.5,93.75,NORMAL,ALLOW
97.95,1,5.88,0.18,5.97,96.79,NORMAL,ALLOW
38.14,2,31.83,55.26,55.01,49.68,SUSPICIOUS,LIMITED
51.13,6,20.26,56.79,34.7,54.17,SUSPICIOUS,LIMITED
88.16,0,8.2,0.82,0.56,92.31,NORMAL,ALLOW
62.17,5,29.34,55.13,28.74,72.0,SUSPICIOUS,LIMITED
63.79,2,28.2,45.94,46.84,72.0,SUSPICIOUS,LIMITED
13.31,6,86.52,89.07,76.06,28.65,HIGH_RISK,DENY
61.36,4,21.01,34.97,57.62,71.21,SUSPICIOUS,LIMITED
88.59,0,3.33,0.1,1.17,80.99,NORMAL,ALLOW
98.19,0,8.37,3.16,1.3,95.91,NORMAL,ALLOW
14.87,6,78.93,92.51,79.5,16.5,HIGH_RISK,DENY
14.24,13,68.81,73.78,63.75,24.69,HIGH_RISK,DENY
84.94,0,1.51,3.91,2.49,85.21,NORMAL,ALLOW
85.89,0,7.36,1.47,1.07,90.47,NORMAL,ALLOW
85.9,0,5.17,3.09,3.37,91.69,NORMAL,ALLOW
20.72,9,94.14,87.15,67.51,14.68,HIGH_RISK,DENY
88.18,0,4.29,1.39,8.1,90.04,NORMAL,ALLOW
27.07,11,70.24,83.67,67.78,19.27,HIGH_RISK,DENY
97.37,1,5.32,4.71,1.37,92.4,NORMAL,ALLOW
44.43,2,19.09,45.25,18.0,65.79,SUSPICIOUS,LIMITED
54.59,2,31.95,45.7,54.35,38.81,SUSPICIOUS,LIMITED
90.08,0,8.68,3.7,0.27,92.79,NORMAL,ALLOW
56.56,2,24.2,43.97,60.06,56.38,SUSPICIOUS,LIMITED
22.95,11,88.73,80.08,73.58,8.69,HIGH_RISK,DENY
90.33,0,2.86,1.58,0.62,100.0,NORMAL,ALLOW
94.8,0,5.08,3.48,1.0,93.37,NORMAL,ALLOW
58.73,4,32.67,43.14,27.63,53.45,SUSPICIOUS,LIMITED
24.51,12,122.23,83.93,74.81,23.76,HIGH_RISK,DENY
93.47,0,5.68,7.01,1.38,92.84,NORMAL,ALLOW
51.08,6,22.17,56.28,42.22,63.31,SUSPICIOUS,LIMITED
89.44,0,8.38,0.36,0.12,89.73,NORMAL,ALLOW
24.28,11,84.55,96.22,95.62,20.64,HIGH_RISK,DENY
47.86,4,18.18,49.09,52.39,46.75,SUSPICIOUS,LIMITED
90.24,1,5.57,4.36,0.34,97.2,NORMAL,ALLOW
9.52,6,80.05,91.5,92.17,32.41,HIGH_RISK,DENY
47.58,4,26.87,41.02,53.71,60.99,SUSPICIOUS,LIMITED
48.61,4,20.18,39.57,22.41,62.22,SUSPICIOUS,LIMITED
2.7,11,93.76,90.57,73.23,23.96,HIGH_RISK,DENY
89.17,0,6.1,0.14,5.29,94.06,NORMAL,ALLOW
22.26,12,90.98,75.24,100.0,24.06,HIGH_RISK,DENY
19.7,8,75.54,83.14,98.49,21.21,HIGH_RISK,DENY
95.93,0,4.93,2.95,4.95,83.84,NORMAL,ALLOW
12.97,13,99.73,85.24,71.29,24.79,HIGH_RISK,DENY
89.77,0,7.47,0.26,7.4,96.26,NORMAL,ALLOW
41.85,6,30.6,28.43,18.0,52.74,SUSPICIOUS,LIMITED
90.76,0,4.86,3.4,1.71,89.56,NORMAL,ALLOW
91.08,0,6.89,1.52,0.02,92.5,NORMAL,ALLOW
88.13,0,1.71,0.4,2.61,93.43,NORMAL,ALLOW
95.13,0,4.57,1.66,2.72,86.97,NORMAL,ALLOW
89.2,0,4.67,0.51,1.6,97.53,NORMAL,ALLOW
16.77,10,68.2,98.53,79.05,13.44,HIGH_RISK,DENY
19.27,10,85.68,70.87,86.91,36.41,HIGH_RISK,DENY
53.54,3,28.83,49.77,44.57,58.95,SUSPICIOUS,LIMITED
24.2,12,85.34,80.53,79.62,14.1,HIGH_RISK,DENY
9.3,10,96.78,90.21,73.01,29.59,HIGH_RISK,DENY
7.71,7,77.52,87.43,52.97,21.56,HIGH_RISK,DENY
52.22,3,25.69,32.26,39.9,72.0,SUSPICIOUS,LIMITED
6.59,10,83.83,71.65,90.01,21.25,HIGH_RISK,DENY
19.17,8,59.1,86.33,99.64,22.83,HIGH_RISK,DENY
52.77,2,20.1,45.52,44.25,63.31,SUSPICIOUS,LIMITED
86.94,0,3.44,3.48,0.5,93.62,NORMAL,ALLOW
8.67,12,103.46,89.92,74.15,31.04,HIGH_RISK,DENY
94.89,0,1.66,3.93,5.45,94.94,NORMAL,ALLOW
92.99,2,3.89,3.86,0.69,95.58,NORMAL,ALLOW
20.79,9,80.78,90.11,91.29,23.85,HIGH_RISK,DENY
1.58,10,65.98,83.11,80.4,20.45,HIGH_RISK,DENY
38.0,3,14.0,57.75,37.72,68.61,SUSPICIOUS,LIMITED
94.24,0,4.35,3.77,1.22,89.51,NORMAL,ALLOW
20.88,8,62.04,76.95,93.77,38.0,HIGH_RISK,DENY
95.41,0,7.69,4.13,1.08,87.02,NORMAL,ALLOW
97.44,1,3.32,5.31,13.0,96.69,NORMAL,ALLOW
4.29,6,70.66,78.96,66.55,21.5,HIGH_RISK,DENY
51.89,2,28.17,40.22,40.2,38.0,SUSPICIOUS,LIMITED
19.61,8,76.82,76.54,93.92,25.68,HIGH_RISK,DENY
12.76,6,71.11,78.4,84.62,26.09,HIGH_RISK,DENY
17.25,13,75.69,74.58,74.19,5.69,HIGH_RISK,DENY
24.63,10,88.5,90.25,66.22,7.72,HIGH_RISK,DENY
50.02,6,29.3,56.24,58.32,70.31,SUSPICIOUS,LIMITED
44.48,2,28.19,39.84,32.55,70.49,SUSPICIOUS,LIMITED
89.12,0,5.8,1.25,0.28,94.65,NORMAL,ALLOW
91.59,0,5.91,1.21,0.51,89.31,NORMAL,ALLOW
17.35,6,95.36,95.59,96.34,8.3,HIGH_RISK,DENY
85.52,0,6.13,18.0,5.09,89.44,NORMAL,ALLOW
11.25,11,85.97,80.75,76.25,28.13,HIGH_RISK,DENY
63.0,5,27.92,59.8,39.55,58.33,SUSPICIOUS,LIMITED
52.72,5,18.2,43.82,48.56,69.01,SUSPICIOUS,LIMITED
38.0,6,17.42,44.3,39.68,60.79,SUSPICIOUS,LIMITED
16.55,6,83.59,87.53,100.0,0.41,HIGH_RISK,DENY
62.48,4,34.4,53.05,33.5,56.11,SUSPICIOUS,LIMITED
27.49,13,105.67,98.6,59.03,17.15,HIGH_RISK,DENY
55.44,2,29.99,39.53,42.69,60.67,SUSPICIOUS,LIMITED
9.62,7,73.16,88.96,81.79,26.19,HIGH_RISK,DENY
57.89,4,30.21,49.52,38.07,43.49,SUSPICIOUS,LIMITED
87.13,0,5.83,13.03,2.11,93.08,NORMAL,ALLOW
66.39,2,18.31,37.05,61.29,43.44,SUSPICIOUS,LIMITED
93.71,0,5.1,3.35,2.52,93.28,NORMAL,ALLOW
12.09,10,90.94,96.28,97.5,5.16,HIGH_RISK,DENY
93.12,1,2.91,4.11,0.16,84.59,NORMAL,ALLOW
59.43,2,21.42,39.72,49.44,41.67,SUSPICIOUS,LIMITED
65.33,3,32.08,59.97,18.0,54.93,SUSPICIOUS,LIMITED
16.52,8,72.82,69.47,80.73,15.5,HIGH_RISK,DENY
92.03,0,4.94,0.39,0.44,96.23,NORMAL,ALLOW
3.99,12,82.39,92.56,75.29,24.95,HIGH_RISK,DENY
27.45,11,83.31,88.89,80.77,20.82,HIGH_RISK,DENY
97.16,0,1.11,15.76,1.2,94.13,NORMAL,ALLOW
87.99,0,4.97,0.93,5.01,97.27,NORMAL,ALLOW
56.15,6,16.89,49.42,20.04,47.62,SUSPICIOUS,LIMITED
51.88,4,33.47,35.13,38.37,58.66,SUSPICIOUS,LIMITED
51.46,6,34.85,30.17,61.84,66.95,SUSPICIOUS,LIMITED
89.7,0,5.35,4.79,0.17,91.38,NORMAL,ALLOW
91.37,0,2.98,1.91,1.9,90.35,NORMAL,ALLOW
55.48,5,34.83,41.59,50.39,48.7,SUSPICIOUS,LIMITED
20.7,12,64.81,84.9,85.48,20.88,HIGH_RISK,DENY
9.05,6,89.86,87.44,76.28,20.97,HIGH_RISK,DENY
92.23,0,6.29,2.17,5.01,76.12,NORMAL,ALLOW
64.34,6,15.14,39.37,51.36,58.64,SUSPICIOUS,LIMITED
17.65,7,105.92,83.92,75.28,14.19,HIGH_RISK,DENY
72.0,2,15.36,40.81,48.03,50.98,SUSPICIOUS,LIMITED
10.67,6,72.47,88.41,86.26,12.65,HIGH_RISK,DENY
16.43,13,103.23,77.59,83.48,13.42,HIGH_RISK,DENY
87.07,0,4.1,1.65,3.94,96.62,NORMAL,ALLOW
22.42,6,63.79,84.83,86.87,20.87,HIGH_RISK,DENY
49.17,2,37.42,58.75,35.26,51.96,SUSPICIOUS,LIMITED
6.6,13,66.22,94.0,77.71,26.49,HIGH_RISK,DENY
100.0,0,6.87,2.15,1.31,89.94,NORMAL,ALLOW
15.33,11,85.72,66.86,71.92,14.87,HIGH_RISK,DENY
98.73,0,2.47,3.34,0.77,87.76,NORMAL,ALLOW
20.88,10,73.82,83.48,92.09,20.67,HIGH_RISK,DENY
8.52,7,92.2,92.61,77.85,20.6,HIGH_RISK,DENY
41.74,2,28.71,59.12,43.81,49.45,SUSPICIOUS,LIMITED
75.79,1,4.28,0.76,0.39,81.91,NORMAL,ALLOW
53.53,3,16.66,52.65,47.88,43.07,SUSPICIOUS,LIMITED
38.0,2,33.67,49.06,30.72,59.26,SUSPICIOUS,LIMITED
22.5,7,53.96,84.27,61.83,24.31,HIGH_RISK,DENY
54.61,2,32.29,42.08,33.73,42.97,SUSPICIOUS,LIMITED
21.66,8,74.37,92.7,85.42,15.44,HIGH_RISK,DENY
66.73,4,26.17,52.43,48.34,57.85,SUSPICIOUS,LIMITED
90.32,0,6.26,3.5,6.49,81.48,NORMAL,ALLOW
15.02,12,87.17,90.99,67.37,19.28,HIGH_RISK,DENY
14.34,8,60.55,95.86,78.53,23.84,HIGH_RISK,DENY
26.49,13,97.38,85.21,79.73,18.23,HIGH_RISK,DENY
54.67,3,18.8,38.61,43.08,72.0,SUSPICIOUS,LIMITED
100.0,0,2.61,4.47,7.98,91.62,NORMAL,ALLOW
64.96,2,26.32,24.3,52.01,65.45,SUSPICIOUS,LIMITED
62.33,2,32.45,41.33,43.9,59.29,SUSPICIOUS,LIMITED
85.82,0,3.98,5.93,8.54,94.48,NORMAL,ALLOW
58.05,2,26.42,32.7,23.25,50.74,SUSPICIOUS,LIMITED
49.9,2,28.67,37.44,44.34,53.3,SUSPICIOUS,LIMITED
56.93,3,27.37,43.87,18.0,56.9,SUSPICIOUS,LIMITED
31.53,11,83.22,87.12,88.12,16.03,HIGH_RISK,DENY
17.29,12,101.71,86.07,64.24,15.43,HIGH_RISK,DENY
91.28,1,5.58,0.83,4.8,100.0,NORMAL,ALLOW
46.93,2,25.92,51.85,25.15,72.0,SUSPICIOUS,LIMITED
4.58,6,114.46,84.95,82.91,29.06,HIGH_RISK,DENY
94.37,0,6.44,10.96,0.69,87.52,NORMAL,ALLOW
49.08,2,22.1,53.78,41.17,61.31,SUSPICIOUS,LIMITED
83.11,0,4.82,10.02,1.56,94.82,NORMAL,ALLOW
20.69,6,64.8,99.63,79.99,12.25,HIGH_RISK,DENY
47.52,4,29.79,23.15,34.97,52.98,SUSPICIOUS,LIMITED
92.77,0,6.9,2.78,7.93,89.08,NORMAL,ALLOW
19.49,10,57.68,78.79,80.68,14.06,HIGH_RISK,DENY
96.25,0,4.01,1.0,2.1,92.18,NORMAL,ALLOW
91.83,0,9.12,5.63,4.31,97.17,NORMAL,ALLOW
84.03,0,1.87,2.16,7.21,91.88,NORMAL,ALLOW
99.01,0,2.37,3.82,0.63,81.15,NORMAL,ALLOW
97.42,0,3.59,5.61,1.41,89.17,NORMAL,ALLOW
93.17,0,6.74,1.96,1.28,86.61,NORMAL,ALLOW
25.98,12,98.09,94.29,68.28,19.59,HIGH_RISK,DENY
59.47,6,30.24,36.43,29.36,58.5,SUSPICIOUS,LIMITED
48.19,5,21.67,58.19,45.88,57.57,SUSPICIOUS,LIMITED
41.93,2,39.27,61.39,62.93,59.44,SUSPICIOUS,LIMITED
13.03,12,58.18,82.38,83.79,15.26,HIGH_RISK,DENY
55.07,4,28.34,42.91,19.66,53.96,SUSPICIOUS,LIMITED
22.59,10,98.55,87.43,74.02,19.96,HIGH_RISK,DENY
53.12,2,19.21,56.87,35.55,72.0,SUSPICIOUS,LIMITED
40.44,6,30.24,32.33,18.0,51.58,SUSPICIOUS,LIMITED
15.29,12,82.28,94.48,99.47,24.44,HIGH_RISK,DENY
44.82,3,23.33,44.11,30.01,64.11,SUSPICIOUS,LIMITED
99.1,0,8.98,0.82,0.45,100.0,NORMAL,ALLOW
55.01,5,26.46,31.8,42.32,62.86,SUSPICIOUS,LIMITED
9.94,10,103.5,82.09,86.73,15.64,HIGH_RISK,DENY
100.0,1,4.86,6.7,0.27,100.0,NORMAL,ALLOW
91.31,0,3.35,1.76,2.87,100.0,NORMAL,ALLOW
14.24,10,92.84,76.55,80.21,12.9,HIGH_RISK,DENY
96.62,0,3.79,0.08,2.11,93.0,NORMAL,ALLOW
55.6,6,24.51,38.23,35.35,58.04,SUSPICIOUS,LIMITED
59.73,4,29.47,41.73,62.65,47.23,SUSPICIOUS,LIMITED
11.98,9,79.3,72.33,85.43,5.81,HIGH_RISK,DENY
25.49,8,95.27,82.62,63.91,29.2,HIGH_RISK,DENY
41.43,6,26.93,40.72,50.82,53.16,SUSPICIOUS,LIMITED
48.95,2,28.88,46.41,54.01,61.15,SUSPICIOUS,LIMITED
59.1,2,27.87,48.89,30.03,51.14,SUSPICIOUS,LIMITED
15.9,11,89.82,83.26,84.65,22.5,HIGH_RISK,DENY
41.31,4,31.18,42.71,44.58,72.0,SUSPICIOUS,LIMITED
52.63,3,14.74,33.31,38.31,55.46,SUSPICIOUS,LIMITED
89.28,0,3.48,3.84,1.0,93.92,NORMAL,ALLOW
94.45,1,4.54,1.16,0.18,89.88,NORMAL,ALLOW
56.39,4,32.29,51.23,39.12,62.37,SUSPICIOUS,LIMITED
90.45,0,7.48,11.15,1.26,94.63,NORMAL,ALLOW
90.85,0,5.5,0.57,4.18,100.0,NORMAL,ALLOW
62.83,2,23.98,57.94,45.71,63.93,SUSPICIOUS,LIMITED
39.61,4,14.0,40.76,27.99,63.38,SUSPICIOUS,LIMITED
100.0,0,6.79,10.92,2.62,100.0,NORMAL,ALLOW
65.03,4,28.85,44.06,52.56,62.77,SUSPICIOUS,LIMITED
58.73,2,30.2,30.4,44.39,38.0,SUSPICIOUS,LIMITED
96.2,0,2.51,3.52,0.9,82.01,NORMAL,ALLOW
6.67,6,70.55,76.38,78.63,18.8,HIGH_RISK,DENY
12.25,10,89.72,92.78,84.52,17.16,HIGH_RISK,DENY
45.94,5,30.03,51.57,30.09,53.15,SUSPICIOUS,LIMITED
57.62,2,28.83,38.69,39.84,53.99,SUSPICIOUS,LIMITED
52.9,2,33.23,60.57,61.42,58.13,SUSPICIOUS,LIMITED
23.59,9,84.16,82.89,99.46,26.1,HIGH_RISK,DENY
56.88,3,27.26,38.76,61.59,69.71,SUSPICIOUS,LIMITED
7.53,11,95.99,85.78,88.37,27.0,HIGH_RISK,DENY
50.9,2,30.03,50.72,54.22,58.68,SUSPICIOUS,LIMITED
60.54,5,32.27,36.05,28.62,51.35,SUSPICIOUS,LIMITED
52.84,5,20.29,46.51,43.25,63.25,SUSPICIOUS,LIMITED
8.36,7,97.5,98.16,70.62,11.66,HIGH_RISK,DENY
18.24,12,95.11,88.37,82.82,19.35,HIGH_RISK,DENY
61.71,6,25.73,51.81,56.32,49.77,SUSPICIOUS,LIMITED
53.84,2,20.08,68.0,51.04,60.9,SUSPICIOUS,LIMITED
97.27,1,5.86,0.57,1.14,85.63,NORMAL,ALLOW
17.77,6,76.54,76.05,94.48,30.94,HIGH_RISK,DENY
38.0,2,32.99,46.33,42.6,38.0,SUSPICIOUS,LIMITED
13.79,12,90.04,87.21,69.83,30.53,HIGH_RISK,DENY
26.25,10,48.0,81.64,77.0,14.48,HIGH_RISK,DENY
13.61,11,82.11,83.85,85.3,17.81,HIGH_RISK,DENY
52.8,5,33.14,68.0,29.92,61.36,SUSPICIOUS,LIMITED
55.86,2,22.14,48.11,40.72,47.35,SUSPICIOUS,LIMITED
60.2,6,14.0,28.43,57.19,64.95,SUSPICIOUS,LIMITED
28.05,19,64.15,91.31,79.03,29.75,HIGH_RISK,DENY
49.1,2,30.96,34.22,21.24,56.81,SUSPICIOUS,LIMITED
96.18,0,2.6,2.24,2.86,97.31,NORMAL,ALLOW
56.73,4,28.34,34.75,61.26,62.76,SUSPICIOUS,LIMITED
10.45,11,112.79,95.44,81.92,13.33,HIGH_RISK,DENY
8.34,11,73.75,98.81,84.73,26.97,HIGH_RISK,DENY
13.19,6,97.87,75.62,83.11,17.35,HIGH_RISK,DENY
54.28,5,26.66,47.08,45.73,56.97,SUSPICIOUS,LIMITED
49.31,5,35.85,32.68,54.58,49.36,SUSPICIOUS,LIMITED
84.68,0,8.55,0.66,1.12,98.42,NORMAL,ALLOW
55.92,2,32.77,33.02,26.48,66.36,SUSPICIOUS,LIMITED
90.37,0,4.14,0.11,0.12,85.0,NORMAL,ALLOW
18.17,8,113.24,79.55,51.89,21.41,HIGH_RISK,DENY
100.0,0,6.99,0.54,6.05,96.19,NORMAL,ALLOW
63.95,5,28.19,48.13,18.13,58.94,SUSPICIOUS,LIMITED
43.24,6,29.31,39.93,23.64,55.65,SUSPICIOUS,LIMITED
48.32,2,26.74,53.27,60.52,62.98,SUSPICIOUS,LIMITED
94.58,0,7.62,5.66,0.11,91.97,NORMAL,ALLOW
85.4,0,9.45,4.66,4.09,97.15,NORMAL,ALLOW
18.38,11,83.19,85.84,68.08,18.34,HIGH_RISK,DENY
91.12,0,2.6,11.9,10.2,89.0,NORMAL,ALLOW
98.77,0,8.02,1.01,1.77,92.1,NORMAL,ALLOW
14.12,9,107.97,91.17,81.66,15.67,HIGH_RISK,DENY
21.77,14,51.71,69.55,90.92,18.24,HIGH_RISK,DENY
47.19,2,30.67,43.91,48.19,72.0,SUSPICIOUS,LIMITED
25.08,9,105.88,84.65,86.22,19.3,HIGH_RISK,DENY
63.82,3,22.71,42.26,42.37,62.49,SUSPICIOUS,LIMITED
6.33,9,89.7,89.99,60.37,20.96,HIGH_RISK,DENY
95.21,0,5.53,2.68,2.6,89.44,NORMAL,ALLOW
49.19,5,33.22,39.28,70.0,40.64,SUSPICIOUS,LIMITED
12.93,7,82.27,84.36,56.02,17.82,HIGH_RISK,DENY
59.93,3,28.17,30.81,24.89,44.32,SUSPICIOUS,LIMITED
12.11,9,107.09,97.94,62.92,15.3,HIGH_RISK,DENY
15.82,15,92.49,90.76,82.23,22.37,HIGH_RISK,DENY
89.83,1,7.72,2.34,4.99,93.09,NORMAL,ALLOW
65.98,2,32.12,45.13,45.75,52.62,SUSPICIOUS,LIMITED
16.21,10,67.59,78.04,79.23,35.84,HIGH_RISK,DENY
85.01,0,3.69,4.31,3.9,88.59,NORMAL,ALLOW
95.1,1,4.1,0.78,1.81,91.95,NORMAL,ALLOW
56.88,5,30.23,43.88,23.01,51.72,SUSPICIOUS,LIMITED
93.79,0,6.6,4.34,2.15,86.12,NORMAL,ALLOW
20.56,6,101.71,74.38,59.38,17.31,HIGH_RISK,DENY
8.88,9,118.66,70.63,87.97,10.03,HIGH_RISK,DENY
15.72,8,101.42,84.53,76.53,8.76,HIGH_RISK,DENY
50.95,5,30.97,38.12,49.07,51.63,SUSPICIOUS,LIMITED
100.0,0,8.48,13.5,0.55,89.33,NORMAL,ALLOW
21.36,8,92.1,78.5,65.43,23.08,HIGH_RISK,DENY
97.9,0,2.9,1.05,1.8,91.25,NORMAL,ALLOW
67.66,4,25.0,36.94,20.43,64.79,SUSPICIOUS,LIMITED
94.46,0,5.41,4.31,0.77,90.74,NORMAL,ALLOW
8.07,8,118.28,82.55,61.68,18.59,HIGH_RISK,DENY
54.3,2,19.83,60.87,41.15,49.88,SUSPICIOUS,LIMITED
44.14,6,17.08,55.2,44.41,62.4,SUSPICIOUS,LIMITED
55.67,3,36.1,66.67,49.55,57.93,SUSPICIOUS,LIMITED
25.88,13,48.0,82.55,79.39,25.55,HIGH_RISK,DENY
18.62,11,80.21,91.77,82.52,16.06,HIGH_RISK,DENY
52.57,4,23.98,58.75,52.26,69.63,SUSPICIOUS,LIMITED
42.27,4,28.88,43.99,32.89,60.96,SUSPICIOUS,LIMITED
18.72,9,61.92,74.71,90.01,31.85,HIGH_RISK,DENY
96.06,1,3.58,0.61,0.66,85.22,NORMAL,ALLOW
18.79,8,92.08,78.17,89.43,17.58,HIGH_RISK,DENY
54.6,2,27.18,52.82,21.5,68.08,SUSPICIOUS,LIMITED
92.39,0,6.47,5.36,3.88,92.73,NORMAL,ALLOW
87.96,0,2.77,2.01,7.45,93.47,NORMAL,ALLOW
25.34,8,72.67,85.35,98.81,31.13,HIGH_RISK,DENY
91.52,0,9.59,3.62,0.08,88.7,NORMAL,ALLOW
4.48,6,101.18,88.87,83.98,12.07,HIGH_RISK,DENY
93.04,0,7.19,16.19,0.5,91.25,NORMAL,ALLOW
67.64,2,24.58,40.67,50.62,69.71,SUSPICIOUS,LIMITED
91.92,0,6.02,2.12,0.15,87.91,NORMAL,ALLOW
90.39,0,4.42,7.02,0.81,93.78,NORMAL,ALLOW
14.42,7,96.58,80.22,91.1,12.0,HIGH_RISK,DENY
28.13,6,82.76,83.39,73.6,10.67,HIGH_RISK,DENY
54.82,5,21.23,34.25,33.93,70.07,SUSPICIOUS,LIMITED
54.66,4,27.24,43.02,34.17,57.42,SUSPICIOUS,LIMITED
88.04,0,6.29,0.95,2.56,86.07,NORMAL,ALLOW
84.57,0,6.36,3.65,15.0,91.79,NORMAL,ALLOW
8.29,7,82.36,76.1,77.25,5.6,HIGH_RISK,DENY
90.59,0,3.57,0.89,0.43,86.37,NORMAL,ALLOW
41.64,2,35.73,43.64,30.31,49.79,SUSPICIOUS,LIMITED
94.8,0,6.14,5.56,1.29,100.0,NORMAL,ALLOW
95.94,0,4.94,4.41,2.13,90.48,NORMAL,ALLOW
60.87,3,26.82,49.82,52.36,40.99,SUSPICIOUS,LIMITED
12.59,9,90.42,78.44,73.92,4.52,HIGH_RISK,DENY
7.13,8,105.24,83.78,88.15,26.01,HIGH_RISK,DENY
88.48,0,5.06,4.84,0.12,93.67,NORMAL,ALLOW
41.06,3,29.68,49.07,32.76,71.77,SUSPICIOUS,LIMITED
60.73,3,31.61,44.45,24.06,61.03,SUSPICIOUS,LIMITED
29.79,10,87.72,82.78,78.18,13.24,HIGH_RISK,DENY
59.86,3,20.59,46.9,58.24,58.2,SUSPICIOUS,LIMITED
70.84,4,17.73,40.21,40.5,55.87,SUSPICIOUS,LIMITED
43.13,5,33.6,46.37,50.72,64.28,SUSPICIOUS,LIMITED
16.26,7,62.88,85.45,82.66,12.92,HIGH_RISK,DENY
96.11,0,4.71,1.51,2.08,88.66,NORMAL,ALLOW
84.15,0,5.19,11.31,2.86,87.74,NORMAL,ALLOW
17.71,6,81.32,93.28,85.87,25.54,HIGH_RISK,DENY
42.95,4,29.93,45.57,26.58,58.75,SUSPICIOUS,LIMITED
59.01,4,18.3,43.5,35.23,59.71,SUSPICIOUS,LIMITED
10.43,9,99.61,73.11,62.67,29.6,HIGH_RISK,DENY
54.79,5,27.39,43.87,34.18,67.05,SUSPICIOUS,LIMITED
13.17,7,52.3,80.41,65.69,23.59,HIGH_RISK,DENY
13.75,13,94.62,95.62,80.64,11.43,HIGH_RISK,DENY
8.92,13,86.51,97.32,68.67,24.27,HIGH_RISK,DENY
91.43,0,7.73,3.34,1.1,77.81,NORMAL,ALLOW
10.17,6,62.54,85.64,69.21,18.92,HIGH_RISK,DENY
19.99,9,73.0,74.56,98.47,20.9,HIGH_RISK,DENY
95.78,0,4.49,5.22,2.77,98.89,NORMAL,ALLOW
11.68,9,91.54,78.58,73.15,21.43,HIGH_RISK,DENY
72.0,2,19.51,42.99,41.63,59.53,SUSPICIOUS,LIMITED
23.36,12,54.56,92.32,70.75,8.02,HIGH_RISK,DENY
16.51,17,66.57,95.58,87.66,27.26,HIGH_RISK,DENY
22.77,9,95.21,91.11,78.53,26.61,HIGH_RISK,DENY
78.52,0,4.95,4.59,0.43,91.07,NORMAL,ALLOW
46.85,2,31.42,57.5,39.93,49.69,SUSPICIOUS,LIMITED
17.35,8,60.35,72.24,62.75,21.6,HIGH_RISK,DENY
64.87,4,31.08,49.64,49.99,54.72,SUSPICIOUS,LIMITED
54.68,4,20.18,48.26,53.52,59.31,SUSPICIOUS,LIMITED
96.36,1,6.53,1.2,1.64,96.91,NORMAL,ALLOW
21.09,8,58.79,88.42,85.84,19.61,HIGH_RISK,DENY
84.43,0,4.15,10.56,0.0,89.15,NORMAL,ALLOW
40.17,2,28.38,58.86,28.45,68.44,SUSPICIOUS,LIMITED
82.55,0,3.23,2.55,7.88,93.88,NORMAL,ALLOW
22.34,10,87.13,88.03,84.34,25.54,HIGH_RISK,DENY
4.39,8,80.94,87.93,67.62,4.09,HIGH_RISK,DENY
6.63,15,87.6,86.53,82.16,12.87,HIGH_RISK,DENY
45.71,4,25.56,45.75,59.95,65.09,SUSPICIOUS,LIMITED
100.0,0,5.96,0.14,0.54,78.88,NORMAL,ALLOW
12.6,11,113.19,84.09,64.27,17.21,HIGH_RISK,DENY
88.22,0,2.98,0.24,6.65,91.65,NORMAL,ALLOW
14.91,6,78.84,73.09,67.97,17.78,HIGH_RISK,DENY
90.87,0,6.12,2.68,3.41,87.18,NORMAL,ALLOW
86.01,0,5.23,2.33,6.83,92.46,NORMAL,ALLOW
45.64,4,22.37,33.13,29.72,61.38,SUSPICIOUS,LIMITED
11.28,9,106.95,76.74,79.94,19.01,HIGH_RISK,DENY
97.59,1,6.02,4.75,4.18,90.73,NORMAL,ALLOW
51.97,3,40.17,30.08,67.14,60.52,SUSPICIOUS,LIMITED
23.98,8,88.18,85.42,80.44,25.92,HIGH_RISK,DENY
16.82,9,114.86,80.78,62.35,18.74,HIGH_RISK,DENY
59.72,2,31.69,34.5,41.51,72.0,SUSPICIOUS,LIMITED
14.37,8,88.92,93.84,66.44,11.99,HIGH_RISK,DENY
100.0,0,6.18,0.33,2.3,92.62,NORMAL,ALLOW
59.78,4,14.0,47.2,30.16,58.13,SUSPICIOUS,LIMITED
84.25,0,3.27,7.31,0.33,95.45,NORMAL,ALLOW
20.65,9,117.74,87.65,74.84,0.0,HIGH_RISK,DENY
4.39,10,78.94,97.0,86.15,22.53,HIGH_RISK,DENY
51.59,2,29.88,49.16,18.0,66.69,SUSPICIOUS,LIMITED
91.94,0,4.5,2.13,1.32,99.03,NORMAL,ALLOW
49.91,2,35.72,35.78,31.31,60.61,SUSPICIOUS,LIMITED
95.07,0,1.81,5.71,5.78,95.43,NORMAL,ALLOW
7.37,11,117.03,76.27,100.0,35.72,HIGH_RISK,DENY
57.83,2,22.2,45.27,43.18,60.03,SUSPICIOUS,LIMITED
57.05,3,31.17,36.48,22.23,48.55,SUSPICIOUS,LIMITED
45.59,4,25.5,59.11,42.71,72.0,SUSPICIOUS,LIMITED
72.0,6,23.18,34.43,39.94,57.15,SUSPICIOUS,LIMITED
93.01,0,4.18,1.41,0.29,85.01,NORMAL,ALLOW
